timestamp,open,high,low,close,volume,trades,funding_rate,open_interest
1754776800000,0.17816,0.17822,0.17647,0.17685,100159.0,93,0.0,0.0
1754780400000,0.17676,0.17677,0.17429,0.17429,81434.0,188,0.0,0.0
1754784000000,0.1747,0.17648,0.17376,0.17639,206490.0,132,0.0,0.0
1754787600000,0.17629,0.17652,0.17519,0.17602,54473.0,111,0.0,0.0
1754791200000,0.17599,0.17744,0.17571,0.17703,160839.0,141,0.0,0.0
1754794800000,0.17723,0.17799,0.17587,0.17697,139393.0,136,0.0,0.0
1754798400000,0.17691,0.17864,0.17657,0.17841,139033.0,263,0.0,0.0
1754802000000,0.17847,0.1786,0.17467,0.17595,604934.0,965,0.0,0.0
1754805600000,0.17619,0.17662,0.17398,0.1747,482745.0,446,0.0,0.0
1754809200000,0.17559,0.17577,0.17129,0.17214,599043.0,441,0.0,0.0
1754812800000,0.17234,0.1739,0.17109,0.17335,279710.0,394,0.0,0.0
1754816400000,0.17374,0.17501,0.1734,0.17409,75654.0,300,0.0,0.0
1754820000000,0.17422,0.17463,0.17201,0.17218,466225.0,464,0.0,0.0
1754823600000,0.17291,0.17451,0.17176,0.17401,147397.0,320,0.0,0.0
1754827200000,0.1742,0.17488,0.17319,0.17455,122607.0,313,0.0,0.0
1754830800000,0.17472,0.17563,0.17322,0.17322,262876.0,505,0.0,0.0
1754834400000,0.17329,0.17731,0.17227,0.17642,340176.0,470,0.0,0.0
1754838000000,0.17665,0.17954,0.1761,0.17926,457824.0,435,0.0,0.0
1754841600000,0.17952,0.17978,0.17737,0.17936,353669.0,542,0.0,0.0
1754845200000,0.17938,0.1798,0.17753,0.17931,283728.0,608,0.0,0.0
1754848800000,0.17952,0.17989,0.17851,0.17952,201959.0,561,0.0,0.0
1754852400000,0.17972,0.1828,0.17924,0.1808,1865327.0,803,0.0,0.0
1754856000000,0.18074,0.18114,0.17799,0.17799,348969.0,451,0.0,0.0
1754859600000,0.17851,0.17942,0.17616,0.17816,206397.0,304,0.0,0.0
1754863200000,0.17867,0.17921,0.17718,0.17896,206186.0,305,0.0,0.0
1754866800000,0.17927,0.18,0.17868,0.17983,102860.0,302,0.0,0.0
1754870400000,0.17988,0.18096,0.17925,0.1802,116118.0,341,0.0,0.0
1754874000000,0.18009,0.18346,0.17973,0.18338,206128.0,466,0.0,0.0
1754877600000,0.18338,0.18492,0.1823,0.1834,249302.0,499,0.0,0.0
1754881200000,0.18346,0.18458,0.18119,0.18271,731461.0,633,0.0,0.0
1754884800000,0.18293,0.18452,0.18177,0.1832,302019.0,437,0.0,0.0
1754888400000,0.1834,0.185,0.18317,0.18484,138518.0,402,0.0,0.0
1754892000000,0.18516,0.18516,0.18299,0.18463,641743.0,644,0.0,0.0
1754895600000,0.18457,0.18542,0.181,0.18172,677943.0,621,0.0,0.0
1754899200000,0.18154,0.18222,0.18045,0.18189,199875.0,510,0.0,0.0
1754902800000,0.18167,0.18215,0.17924,0.18004,955866.0,751,0.0,0.0
1754906400000,0.17984,0.18051,0.1783,0.17937,434996.0,546,0.0,0.0
1754910000000,0.17916,0.17957,0.17429,0.17492,538127.0,443,0.0,0.0
1754913600000,0.17456,0.17529,0.17191,0.17309,603889.0,377,0.0,0.0
1754917200000,0.17315,0.17719,0.17261,0.17541,1170020.0,665,0.0,0.0
1754920800000,0.17541,0.17728,0.17369,0.17465,262284.0,467,0.0,0.0
1754924400000,0.17433,0.17558,0.17347,0.17554,196369.0,416,0.0,0.0
1754928000000,0.17518,0.17699,0.17393,0.17428,218296.0,465,0.0,0.0
1754931600000,0.17406,0.17441,0.17234,0.17244,333856.0,475,0.0,0.0
1754935200000,0.17234,0.17361,0.17182,0.17336,490065.0,551,0.0,0.0
1754938800000,0.17326,0.17391,0.17142,0.17166,249056.0,449,0.0,0.0
1754942400000,0.17147,0.17317,0.17103,0.173,296254.0,506,0.0,0.0
1754946000000,0.173,0.17457,0.16934,0.17009,1083976.0,771,0.0,0.0
1754949600000,0.16948,0.17113,0.1688,0.17021,379956.0,373,0.0,0.0
1754953200000,0.17,0.17116,0.16972,0.17076,40888.0,273,0.0,0.0
1754956800000,0.17062,0.17237,0.16971,0.17174,230288.0,412,0.0,0.0
1754960400000,0.17167,0.1727,0.1705,0.17237,396718.0,399,0.0,0.0
1754964000000,0.17221,0.17381,0.17154,0.17273,201365.0,346,0.0,0.0
1754967600000,0.17254,0.17271,0.17048,0.17123,82759.0,305,0.0,0.0
1754971200000,0.17073,0.17287,0.1705,0.17221,83796.0,306,0.0,0.0
1754974800000,0.17203,0.17224,0.1692,0.16952,357851.0,667,0.0,0.0
1754978400000,0.16952,0.17029,0.16854,0.16865,869747.0,862,0.0,0.0
1754982000000,0.16874,0.17105,0.16874,0.16914,586999.0,778,0.0,0.0
1754985600000,0.1692,0.1704,0.16827,0.16908,502605.0,614,0.0,0.0
1754989200000,0.16908,0.16959,0.16767,0.16774,163974.0,350,0.0,0.0
1754992800000,0.16779,0.17057,0.16633,0.16702,760651.0,604,0.0,0.0
1754996400000,0.16767,0.16875,0.16633,0.16847,96351.0,323,0.0,0.0
1755000000000,0.1687,0.17575,0.16738,0.17456,601140.0,490,0.0,0.0
1755003600000,0.17475,0.17493,0.1692,0.17036,466200.0,477,0.0,0.0
1755007200000,0.1708,0.17216,0.17014,0.17146,234242.0,503,0.0,0.0
1755010800000,0.17191,0.17575,0.17134,0.17575,535173.0,1835,0.0,0.0
1755014400000,0.1758,0.1771,0.17419,0.1755,778148.0,1419,0.0,0.0
1755018000000,0.17551,0.17764,0.17408,0.17462,471264.0,612,0.0,0.0
1755021600000,0.17462,0.17569,0.17218,0.17266,339605.0,495,0.0,0.0
1755025200000,0.17268,0.17573,0.17249,0.17515,213121.0,534,0.0,0.0
1755028800000,0.17484,0.17893,0.17419,0.17805,929129.0,958,0.0,0.0
1755032400000,0.17812,0.18144,0.1774,0.18139,713373.0,967,0.0,0.0
1755036000000,0.18105,0.18139,0.17835,0.17998,381435.0,950,0.0,0.0
1755039600000,0.18026,0.18161,0.17909,0.17951,827366.0,1114,0.0,0.0
1755043200000,0.17974,0.18061,0.17816,0.17909,715848.0,867,0.0,0.0
1755046800000,0.17939,0.17982,0.1734,0.17366,1371559.0,594,0.0,0.0
1755050400000,0.17365,0.17702,0.17256,0.1764,584404.0,644,0.0,0.0
1755054000000,0.17645,0.17763,0.17454,0.17623,390684.0,417,0.0,0.0
1755057600000,0.17644,0.17699,0.1727,0.17297,135188.0,312,0.0,0.0
1755061200000,0.17298,0.17376,0.17106,0.17144,368407.0,390,0.0,0.0
1755064800000,0.17172,0.17221,0.16856,0.17098,877434.0,444,0.0,0.0
1755068400000,0.17086,0.17411,0.1704,0.17382,274883.0,142,0.0,0.0
1755072000000,0.17377,0.17596,0.1733,0.17578,117782.0,145,0.0,0.0
1755075600000,0.17578,0.17786,0.17513,0.17658,190105.0,162,0.0,0.0
1755079200000,0.1763,0.18009,0.17571,0.18009,175854.0,116,0.0,0.0
1755082800000,0.18066,0.1833,0.1797,0.18159,486905.0,445,0.0,0.0
1755086400000,0.18157,0.18483,0.18121,0.18123,1423519.0,939,0.0,0.0
1755090000000,0.18127,0.18566,0.18121,0.18318,952700.0,389,0.0,0.0
1755093600000,0.18297,0.1852,0.178,0.17881,1348408.0,601,0.0,0.0
1755097200000,0.17836,0.1791,0.17531,0.17719,1013611.0,382,0.0,0.0
1755100800000,0.17703,0.18074,0.1767,0.18074,197666.0,155,0.0,0.0
1755104400000,0.18069,0.18417,0.18025,0.18254,873047.0,599,0.0,0.0
1755108000000,0.18282,0.18402,0.18042,0.18254,349813.0,255,0.0,0.0
1755111600000,0.18255,0.18575,0.18068,0.18457,179871.0,194,0.0,0.0
1755115200000,0.18462,0.18556,0.17935,0.17981,710404.0,347,0.0,0.0
1755118800000,0.18043,0.18242,0.17906,0.17925,202635.0,123,0.0,0.0
1755122400000,0.17991,0.18476,0.17945,0.18257,708969.0,263,0.0,0.0
1755126000000,0.18178,0.18598,0.18178,0.18464,338327.0,205,0.0,0.0
1755129600000,0.1846,0.18673,0.18256,0.18404,1021798.0,481,0.0,0.0
1755133200000,0.18404,0.18561,0.18297,0.18416,486674.0,406,0.0,0.0
1755136800000,0.18449,0.18742,0.18317,0.18704,948245.0,766,0.0,0.0
1755140400000,0.18713,0.19045,0.18596,0.18882,1410978.0,608,0.0,0.0
1755144000000,0.1891,0.19089,0.18539,0.18612,1209307.0,505,0.0,0.0
1755147600000,0.18626,0.18788,0.1846,0.18516,371984.0,209,0.0,0.0
1755151200000,0.18495,0.18495,0.18112,0.1848,540795.0,218,0.0,0.0
1755154800000,0.18474,0.18474,0.1811,0.18227,326801.0,188,0.0,0.0
1755158400000,0.18247,0.1828,0.18031,0.18061,133851.0,109,0.0,0.0
1755162000000,0.18002,0.1833,0.17945,0.18313,161590.0,123,0.0,0.0
1755165600000,0.18371,0.18463,0.18018,0.18207,452702.0,211,0.0,0.0
1755169200000,0.18179,0.18353,0.18119,0.18275,194899.0,126,0.0,0.0
1755172800000,0.1828,0.18505,0.1741,0.17484,1389847.0,765,0.0,0.0
1755176400000,0.17475,0.17907,0.1727,0.17779,1564536.0,837,0.0,0.0
1755180000000,0.17798,0.1809,0.17591,0.17809,728370.0,380,0.0,0.0
1755183600000,0.17799,0.17848,0.17325,0.17438,659858.0,286,0.0,0.0
1755187200000,0.17313,0.17373,0.16984,0.17178,591055.0,355,0.0,0.0
1755190800000,0.17189,0.17491,0.17083,0.17355,204844.0,174,0.0,0.0
1755194400000,0.17346,0.17594,0.17183,0.17555,211673.0,177,0.0,0.0
1755198000000,0.17559,0.17796,0.17515,0.17515,197256.0,170,0.0,0.0
1755201600000,0.17524,0.1784,0.17472,0.17674,307396.0,236,0.0,0.0
1755205200000,0.17661,0.17661,0.17036,0.17163,840183.0,424,0.0,0.0
1755208800000,0.17172,0.17395,0.17172,0.17336,680603.0,222,0.0,0.0
1755212400000,0.1734,0.17618,0.1733,0.17451,215790.0,180,0.0,0.0
1755216000000,0.17476,0.17886,0.17449,0.17688,677373.0,404,0.0,0.0
1755219600000,0.1769,0.18118,0.17627,0.18093,224098.0,200,0.0,0.0
1755223200000,0.18075,0.18706,0.17998,0.18706,992964.0,428,0.0,0.0
1755226800000,0.18706,0.19106,0.18583,0.19106,1818085.0,705,0.0,0.0
1755230400000,0.19106,0.19205,0.18724,0.18832,858173.0,500,0.0,0.0
1755234000000,0.18866,0.18866,0.18524,0.18719,706808.0,628,0.0,0.0
1755237600000,0.18723,0.1895,0.18665,0.18734,402871.0,309,0.0,0.0
1755241200000,0.18734,0.18946,0.18574,0.18702,260485.0,242,0.0,0.0
1755244800000,0.18702,0.1905,0.18639,0.19008,237599.0,245,0.0,0.0
1755248400000,0.18991,0.18991,0.18684,0.188,613858.0,497,0.0,0.0
1755252000000,0.18802,0.19019,0.18776,0.18891,345284.0,383,0.0,0.0
1755255600000,0.18888,0.19025,0.18755,0.18889,217235.0,229,0.0,0.0
1755259200000,0.18857,0.18944,0.18592,0.18869,493031.0,400,0.0,0.0
1755262800000,0.18858,0.18954,0.18512,0.18566,452790.0,342,0.0,0.0
1755266400000,0.18528,0.18782,0.178,0.1797,804317.0,536,0.0,0.0
1755270000000,0.17983,0.18096,0.17543,0.17793,1074853.0,876,0.0,0.0
1755273600000,0.17773,0.1805,0.17567,0.17959,359625.0,279,0.0,0.0
1755277200000,0.17959,0.18248,0.17741,0.18029,572699.0,358,0.0,0.0
1755280800000,0.18029,0.1809,0.17648,0.17701,279097.0,327,0.0,0.0
1755284400000,0.17693,0.17916,0.17693,0.17836,250509.0,250,0.0,0.0
1755288000000,0.17835,0.18248,0.17751,0.18234,486468.0,564,0.0,0.0
1755291600000,0.18248,0.1851,0.18112,0.18465,410050.0,512,0.0,0.0
1755295200000,0.18505,0.18925,0.18412,0.18861,1453225.0,740,0.0,0.0
1755298800000,0.18855,0.18945,0.18459,0.18587,256748.0,293,0.0,0.0
1755302400000,0.18592,0.18956,0.18482,0.18566,712156.0,508,0.0,0.0
1755306000000,0.18566,0.18651,0.18526,0.18644,31361.0,113,0.0,0.0
1755309600000,0.18653,0.18891,0.18586,0.18705,395162.0,249,0.0,0.0
1755313200000,0.18705,0.18815,0.18603,0.18604,148744.0,229,0.0,0.0
1755316800000,0.18669,0.18678,0.18452,0.18467,586225.0,552,0.0,0.0
1755320400000,0.18528,0.18562,0.18259,0.18276,127832.0,301,0.0,0.0
1755324000000,0.18295,0.18394,0.18243,0.18279,257863.0,370,0.0,0.0
1755327600000,0.18296,0.18516,0.18214,0.1843,190997.0,319,0.0,0.0
1755331200000,0.18449,0.18482,0.18115,0.18227,1743590.0,689,0.0,0.0
1755334800000,0.18246,0.1834,0.18047,0.18047,614240.0,510,0.0,0.0
1755338400000,0.18065,0.18065,0.17879,0.17919,368445.0,413,0.0,0.0
1755342000000,0.17957,0.18101,0.17902,0.17924,396166.0,365,0.0,0.0
1755345600000,0.17967,0.18065,0.17819,0.18045,204024.0,446,0.0,0.0
1755349200000,0.18075,0.18163,0.17948,0.17964,157255.0,545,0.0,0.0
1755352800000,0.1798,0.18103,0.17917,0.18081,190063.0,630,0.0,0.0
1755356400000,0.18101,0.18207,0.17921,0.17932,446710.0,805,0.0,0.0
1755360000000,0.1795,0.1812,0.17922,0.18079,303076.0,727,0.0,0.0
1755363600000,0.18062,0.18127,0.17936,0.18043,244327.0,756,0.0,0.0
1755367200000,0.18074,0.181,0.17917,0.18042,203707.0,716,0.0,0.0
1755370800000,0.18084,0.18239,0.17992,0.18043,332995.0,819,0.0,0.0
1755374400000,0.1806,0.18217,0.17988,0.18148,235568.0,913,0.0,0.0
1755378000000,0.1817,0.18171,0.17923,0.17975,301094.0,721,0.0,0.0
1755381600000,0.18002,0.18055,0.17816,0.17962,938492.0,828,0.0,0.0
1755385200000,0.1796,0.17981,0.17667,0.17712,922499.0,1532,0.0,0.0
1755388800000,0.17712,0.17805,0.17522,0.17567,401762.0,1140,0.0,0.0
1755392400000,0.17593,0.17747,0.1752,0.17662,182704.0,720,0.0,0.0
1755396000000,0.17678,0.17922,0.17622,0.17909,258924.0,948,0.0,0.0
1755399600000,0.17922,0.18041,0.17829,0.17972,250999.0,720,0.0,0.0
1755403200000,0.17997,0.18145,0.17972,0.18104,151214.0,340,0.0,0.0
1755406800000,0.18104,0.18144,0.17991,0.18035,81807.0,242,0.0,0.0
1755410400000,0.18042,0.18149,0.17938,0.17967,29109.0,213,0.0,0.0
1755414000000,0.17967,0.1815,0.17925,0.18133,113456.0,436,0.0,0.0
1755417600000,0.18149,0.1833,0.18133,0.18301,98730.0,492,0.0,0.0
1755421200000,0.18316,0.1833,0.1814,0.18299,107728.0,499,0.0,0.0
1755424800000,0.18309,0.18318,0.18096,0.18214,126204.0,452,0.0,0.0
1755428400000,0.18215,0.18276,0.18052,0.18244,175901.0,327,0.0,0.0
1755432000000,0.18261,0.18284,0.18009,0.18061,144789.0,290,0.0,0.0
1755435600000,0.18081,0.18105,0.17903,0.17953,111627.0,307,0.0,0.0
1755439200000,0.17973,0.18042,0.17859,0.17981,53876.0,275,0.0,0.0
1755442800000,0.18002,0.1812,0.17944,0.18051,78126.0,294,0.0,0.0
1755446400000,0.18075,0.1809,0.17849,0.17921,190639.0,386,0.0,0.0
1755450000000,0.17935,0.18008,0.17781,0.1787,134089.0,310,0.0,0.0
1755453600000,0.17886,0.17892,0.17764,0.17821,27424.0,296,0.0,0.0
1755457200000,0.17822,0.17868,0.17665,0.17666,195489.0,327,0.0,0.0
1755460800000,0.17662,0.17734,0.1762,0.17679,163165.0,392,0.0,0.0
1755464400000,0.1769,0.17868,0.17676,0.17791,80033.0,303,0.0,0.0
1755468000000,0.17811,0.18022,0.17757,0.17876,113034.0,354,0.0,0.0
1755471600000,0.17896,0.17896,0.17667,0.17667,78072.0,301,0.0,0.0
1755475200000,0.17686,0.17699,0.17553,0.17603,150930.0,357,0.0,0.0
1755478800000,0.17616,0.17634,0.17344,0.1736,337601.0,477,0.0,0.0
1755482400000,0.1737,0.17377,0.17044,0.17066,288634.0,483,0.0,0.0
1755486000000,0.17083,0.17166,0.16704,0.16788,1777557.0,922,0.0,0.0
1755489600000,0.16799,0.16862,0.16673,0.16835,250331.0,376,0.0,0.0
1755493200000,0.16846,0.16849,0.16158,0.16566,2745686.0,873,0.0,0.0
1755496800000,0.16544,0.16544,0.16265,0.16505,806387.0,325,0.0,0.0
1755500400000,0.16505,0.16632,0.16427,0.16547,372076.0,477,0.0,0.0
1755504000000,0.16551,0.16711,0.16447,0.16447,881954.0,525,0.0,0.0
1755507600000,0.16449,0.16512,0.16314,0.16334,389232.0,327,0.0,0.0
1755511200000,0.16336,0.16361,0.1621,0.16308,177573.0,205,0.0,0.0
1755514800000,0.16307,0.16327,0.16219,0.16236,43191.0,142,0.0,0.0
1755518400000,0.16233,0.16527,0.16208,0.16527,238996.0,253,0.0,0.0
1755522000000,0.16512,0.16609,0.16352,0.16352,222313.0,218,0.0,0.0
1755525600000,0.16313,0.16391,0.1621,0.16347,845061.0,424,0.0,0.0
1755529200000,0.16403,0.16915,0.16242,0.16623,2377643.0,594,0.0,0.0
1755532800000,0.16621,0.16741,0.1655,0.1665,372796.0,334,0.0,0.0
1755536400000,0.16626,0.16896,0.16591,0.16667,398720.0,475,0.0,0.0
1755540000000,0.16672,0.16788,0.1655,0.16675,340236.0,380,0.0,0.0
1755543600000,0.16675,0.16719,0.16223,0.16307,2150920.0,506,0.0,0.0
1755547200000,0.16307,0.16331,0.15994,0.16168,2285237.0,805,0.0,0.0
1755550800000,0.16176,0.16306,0.16101,0.16248,385517.0,251,0.0,0.0
1755554400000,0.16244,0.16358,0.16244,0.16288,51111.0,151,0.0,0.0
1755558000000,0.16291,0.16303,0.15997,0.1608,186210.0,257,0.0,0.0
1755561600000,0.1608,0.16165,0.1586,0.16122,303136.0,284,0.0,0.0
1755565200000,0.16127,0.16188,0.15817,0.15844,259563.0,184,0.0,0.0
1755568800000,0.15844,0.15886,0.15774,0.15774,104254.0,112,0.0,0.0
1755572400000,0.15784,0.15786,0.1555,0.15663,310463.0,166,0.0,0.0
1755576000000,0.15661,0.16025,0.1551,0.1578,1299398.0,471,0.0,0.0
1755579600000,0.15793,0.15841,0.15723,0.15748,194881.0,129,0.0,0.0
1755583200000,0.15747,0.15793,0.15655,0.15701,109053.0,119,0.0,0.0
1755586800000,0.15715,0.15715,0.15481,0.15663,471592.0,219,0.0,0.0
1755590400000,0.15664,0.15766,0.15604,0.15732,103515.0,147,0.0,0.0
1755594000000,0.15708,0.15884,0.15708,0.15844,87894.0,118,0.0,0.0
1755597600000,0.15838,0.16039,0.15819,0.16003,171498.0,153,0.0,0.0
1755601200000,0.16001,0.16058,0.15887,0.15997,550723.0,246,0.0,0.0
1755604800000,0.15997,0.162,0.15941,0.162,306658.0,330,0.0,0.0
1755608400000,0.1618,0.16318,0.15927,0.16096,532721.0,340,0.0,0.0
1755612000000,0.1612,0.16231,0.15676,0.15719,684810.0,295,0.0,0.0
1755615600000,0.15724,0.15827,0.1558,0.1562,248888.0,224,0.0,0.0
1755619200000,0.1564,0.15776,0.15448,0.15452,323073.0,264,0.0,0.0
1755622800000,0.1545,0.1581,0.15442,0.1581,251576.0,249,0.0,0.0
1755626400000,0.15737,0.15926,0.15735,0.15836,394311.0,193,0.0,0.0
1755630000000,0.15767,0.16079,0.15665,0.15787,995123.0,264,0.0,0.0
1755633600000,0.15805,0.15923,0.15705,0.15923,154405.0,123,0.0,0.0
1755637200000,0.15914,0.15924,0.15731,0.15751,39757.0,105,0.0,0.0
1755640800000,0.15705,0.15723,0.15528,0.15528,491595.0,172,0.0,0.0
1755644400000,0.15544,0.15544,0.15203,0.15285,501065.0,252,0.0,0.0
1755648000000,0.15258,0.15493,0.15258,0.15475,332135.0,162,0.0,0.0
1755651600000,0.15484,0.15548,0.15254,0.154,229450.0,115,0.0,0.0
1755655200000,0.1539,0.15495,0.15374,0.15468,246687.0,157,0.0,0.0
1755658800000,0.15468,0.15577,0.15333,0.1536,111358.0,116,0.0,0.0
1755662400000,0.1536,0.15583,0.15171,0.15397,1305822.0,304,0.0,0.0
1755666000000,0.15406,0.15414,0.15267,0.15354,524171.0,329,0.0,0.0
1755669600000,0.15356,0.15411,0.15294,0.1535,500828.0,223,0.0,0.0
1755673200000,0.15364,0.15481,0.15252,0.15252,192298.0,149,0.0,0.0
1755676800000,0.15309,0.15585,0.15257,0.15559,323553.0,155,0.0,0.0
1755680400000,0.15556,0.15569,0.15417,0.15428,147669.0,137,0.0,0.0
1755684000000,0.15459,0.15538,0.15378,0.15458,47682.0,85,0.0,0.0
1755687600000,0.15428,0.15428,0.1516,0.15282,193941.0,63,0.0,0.0
1755691200000,0.1534,0.15498,0.15235,0.15469,389889.0,171,0.0,0.0
1755694800000,0.15451,0.15454,0.15116,0.15116,331140.0,181,0.0,0.0
1755698400000,0.15141,0.15421,0.149,0.15272,816185.0,307,0.0,0.0
1755702000000,0.15317,0.15683,0.15315,0.15351,376239.0,149,0.0,0.0
1755705600000,0.1542,0.15576,0.15287,0.15287,136929.0,112,0.0,0.0
1755709200000,0.15305,0.15656,0.15305,0.15656,282195.0,152,0.0,0.0
1755712800000,0.15639,0.15639,0.15346,0.1538,127034.0,93,0.0,0.0
1755716400000,0.15357,0.1586,0.15357,0.15846,235119.0,128,0.0,0.0
1755720000000,0.15826,0.15904,0.15628,0.15837,189984.0,134,0.0,0.0
1755723600000,0.15778,0.15896,0.1567,0.15819,157598.0,116,0.0,0.0
1755727200000,0.15795,0.15915,0.15691,0.15903,82355.0,105,0.0,0.0
1755730800000,0.15904,0.15913,0.15754,0.1579,193981.0,164,0.0,0.0
1755734400000,0.15819,0.15868,0.15639,0.15786,113495.0,106,0.0,0.0
1755738000000,0.15805,0.15901,0.15681,0.15847,191695.0,132,0.0,0.0
1755741600000,0.15853,0.15948,0.15515,0.15626,343981.0,144,0.0,0.0
1755745200000,0.15614,0.15765,0.15481,0.15481,322240.0,136,0.0,0.0
1755748800000,0.15481,0.15526,0.15408,0.15448,240457.0,143,0.0,0.0
1755752400000,0.1546,0.15629,0.15365,0.15609,95091.0,142,0.0,0.0
1755756000000,0.15631,0.15631,0.15338,0.15401,138429.0,198,0.0,0.0
1755759600000,0.15401,0.15401,0.15266,0.15323,95894.0,133,0.0,0.0
1755763200000,0.15324,0.1537,0.15121,0.15141,341825.0,184,0.0,0.0
1755766800000,0.15135,0.15278,0.15081,0.15171,636754.0,204,0.0,0.0
1755770400000,0.15146,0.15247,0.1498,0.15028,500385.0,141,0.0,0.0
1755774000000,0.15069,0.15093,0.14947,0.14985,227746.0,104,0.0,0.0
1755777600000,0.14985,0.15089,0.14898,0.14973,265976.0,180,0.0,0.0
1755781200000,0.14972,0.15234,0.14966,0.15138,137374.0,114,0.0,0.0
1755784800000,0.15113,0.15363,0.15073,0.15178,128528.0,118,0.0,0.0
1755788400000,0.15139,0.15185,0.1495,0.1495,43780.0,111,0.0,0.0
1755792000000,0.1496,0.15041,0.14733,0.1474,364527.0,265,0.0,0.0
1755795600000,0.14751,0.14967,0.14611,0.14939,682676.0,403,0.0,0.0
1755799200000,0.14937,0.14964,0.14738,0.14833,573109.0,395,0.0,0.0
1755802800000,0.14849,0.14909,0.14596,0.14663,390740.0,426,0.0,0.0
1755806400000,0.14691,0.14769,0.14511,0.14735,578775.0,585,0.0,0.0
1755810000000,0.14649,0.1471,0.1451,0.14541,646899.0,552,0.0,0.0
1755813600000,0.14536,0.14636,0.14402,0.14449,605563.0,443,0.0,0.0
1755817200000,0.14431,0.14493,0.14216,0.14269,556763.0,463,0.0,0.0
1755820800000,0.14342,0.14461,0.14323,0.14441,215341.0,202,0.0,0.0
1755824400000,0.14463,0.14758,0.14384,0.14667,272866.0,176,0.0,0.0
1755828000000,0.14641,0.1479,0.14641,0.14701,123394.0,291,0.0,0.0
1755831600000,0.14716,0.14736,0.14564,0.14587,91870.0,186,0.0,0.0
1755835200000,0.14587,0.14687,0.14587,0.14667,48910.0,172,0.0,0.0
1755838800000,0.14667,0.1483,0.14658,0.14804,138265.0,247,0.0,0.0
1755842400000,0.14804,0.1489,0.14774,0.14787,40051.0,159,0.0,0.0
1755846000000,0.14787,0.14882,0.14779,0.14853,175140.0,244,0.0,0.0
1755849600000,0.14857,0.14932,0.14764,0.14776,124353.0,200,0.0,0.0
1755853200000,0.1477,0.14845,0.14697,0.14835,185036.0,292,0.0,0.0
1755856800000,0.14842,0.14843,0.14609,0.14796,360883.0,357,0.0,0.0
1755860400000,0.14798,0.14833,0.14626,0.14727,939673.0,459,0.0,0.0
1755864000000,0.14779,0.1517,0.14305,0.1481,2952508.0,695,0.0,0.0
1755867600000,0.1481,0.14958,0.14691,0.14916,644537.0,603,0.0,0.0
1755871200000,0.14945,0.15919,0.14944,0.15393,5335931.0,795,0.0,0.0
1755874800000,0.15349,0.15897,0.14786,0.15468,6382493.0,1592,0.0,0.0
1755878400000,0.15468,0.15733,0.15268,0.15511,2269767.0,842,0.0,0.0
1755882000000,0.15481,0.1593,0.15444,0.15759,434065.0,522,0.0,0.0
1755885600000,0.15722,0.15911,0.1568,0.15764,256530.0,457,0.0,0.0
1755889200000,0.1581,0.15921,0.15711,0.15751,96986.0,435,0.0,0.0
1755892800000,0.15682,0.16214,0.15682,0.16083,1303208.0,622,0.0,0.0
1755896400000,0.16008,0.16268,0.15956,0.16158,439182.0,381,0.0,0.0
1755900000000,0.16104,0.16255,0.15417,0.1575,6518045.0,1656,0.0,0.0
1755903600000,0.15666,0.15865,0.15604,0.15684,939580.0,570,0.0,0.0
1755907200000,0.15655,0.15684,0.15502,0.15575,288097.0,318,0.0,0.0
1755910800000,0.15507,0.15575,0.14848,0.15156,1833815.0,725,0.0,0.0
1755914400000,0.15142,0.15167,0.14855,0.14964,543928.0,495,0.0,0.0
1755918000000,0.14945,0.15006,0.14561,0.14619,1009975.0,682,0.0,0.0
1755921600000,0.14562,0.14939,0.14562,0.14911,1094168.0,626,0.0,0.0
1755925200000,0.14885,0.15165,0.14706,0.15104,649087.0,419,0.0,0.0
1755928800000,0.15087,0.15145,0.14731,0.14811,435559.0,355,0.0,0.0
1755932400000,0.14811,0.14918,0.14693,0.14796,309035.0,361,0.0,0.0
1755936000000,0.14773,0.15025,0.14733,0.14983,63644.0,372,0.0,0.0
1755939600000,0.14845,0.15161,0.14836,0.15128,270165.0,628,0.0,0.0
1755943200000,0.15105,0.15262,0.1502,0.15164,757426.0,615,0.0,0.0
1755946800000,0.15186,0.15267,0.15011,0.15066,138996.0,564,0.0,0.0
1755950400000,0.15061,0.15264,0.1502,0.15099,121755.0,542,0.0,0.0
1755954000000,0.15069,0.15148,0.15009,0.15093,122178.0,519,0.0,0.0
1755957600000,0.15068,0.15439,0.1502,0.15196,631761.0,624,0.0,0.0
1755961200000,0.15171,0.15239,0.15075,0.15196,65458.0,337,0.0,0.0
1755964800000,0.15238,0.1533,0.1514,0.15254,233376.0,305,0.0,0.0
1755968400000,0.15271,0.15412,0.15236,0.15348,93333.0,314,0.0,0.0
1755972000000,0.15362,0.15434,0.15282,0.15372,136783.0,426,0.0,0.0
1755975600000,0.1544,0.15467,0.15344,0.15424,331559.0,547,0.0,0.0
1755979200000,0.15443,0.15465,0.15313,0.15438,305225.0,530,0.0,0.0
1755982800000,0.15438,0.15501,0.15328,0.15355,211605.0,412,0.0,0.0
1755986400000,0.15368,0.15372,0.15211,0.15355,612059.0,515,0.0,0.0
1755990000000,0.15366,0.15425,0.15201,0.15403,570953.0,551,0.0,0.0
1755993600000,0.15419,0.15433,0.15269,0.15314,215062.0,496,0.0,0.0
1755997200000,0.15385,0.15385,0.1516,0.15323,119807.0,540,0.0,0.0
1756000800000,0.15341,0.15365,0.15132,0.15158,78656.0,516,0.0,0.0
1756004400000,0.1517,0.15177,0.14994,0.15118,275766.0,558,0.0,0.0
1756008000000,0.15131,0.1523,0.15043,0.15106,103557.0,535,0.0,0.0
1756011600000,0.1512,0.1512,0.14981,0.15025,51546.0,491,0.0,0.0
1756015200000,0.15063,0.15063,0.14977,0.15008,76461.0,504,0.0,0.0
1756018800000,0.15024,0.15123,0.14997,0.15096,42711.0,444,0.0,0.0
1756022400000,0.15113,0.15123,0.14986,0.15057,51802.0,267,0.0,0.0
1756026000000,0.15072,0.1513,0.1505,0.15118,35262.0,252,0.0,0.0
1756029600000,0.1513,0.15132,0.14886,0.14937,58939.0,264,0.0,0.0
1756033200000,0.14952,0.15012,0.14856,0.14958,150829.0,282,0.0,0.0
1756036800000,0.15014,0.15014,0.1484,0.14907,113913.0,291,0.0,0.0
1756040400000,0.14933,0.15064,0.14871,0.14966,172474.0,307,0.0,0.0
1756044000000,0.14982,0.1514,0.14857,0.15139,104495.0,429,0.0,0.0
1756047600000,0.1514,0.15267,0.15045,0.15073,179733.0,365,0.0,0.0
1756051200000,0.15089,0.15285,0.15003,0.15269,185110.0,317,0.0,0.0
1756054800000,0.1529,0.15703,0.15175,0.15669,340912.0,368,0.0,0.0
1756058400000,0.15703,0.16202,0.15666,0.16166,1358471.0,562,0.0,0.0
1756062000000,0.16202,0.16455,0.15558,0.15755,3414927.0,891,0.0,0.0
1756065600000,0.15726,0.15848,0.15382,0.15616,656418.0,460,0.0,0.0
1756069200000,0.15616,0.15994,0.15568,0.1577,259974.0,377,0.0,0.0
1756072800000,0.1577,0.15926,0.15557,0.15893,168022.0,312,0.0,0.0
1756076400000,0.15914,0.16175,0.158,0.15977,1245642.0,588,0.0,0.0
1756080000000,0.15977,0.1609,0.15557,0.15572,1136332.0,527,0.0,0.0
1756083600000,0.15573,0.15588,0.15412,0.15559,279429.0,312,0.0,0.0
1756087200000,0.15546,0.1596,0.15546,0.1588,221694.0,333,0.0,0.0
1756090800000,0.15922,0.15922,0.15619,0.15736,324921.0,348,0.0,0.0
1756094400000,0.1569,0.15767,0.15457,0.15604,275957.0,349,0.0,0.0
1756098000000,0.15604,0.15621,0.15309,0.15432,261341.0,411,0.0,0.0
1756101600000,0.15432,0.15433,0.15121,0.15171,230274.0,398,0.0,0.0
1756105200000,0.1518,0.15196,0.14796,0.14888,490927.0,443,0.0,0.0
1756108800000,0.14947,0.15516,0.14888,0.15395,1506064.0,844,0.0,0.0
1756112400000,0.15385,0.15959,0.15276,0.15952,1738434.0,1173,0.0,0.0
1756116000000,0.15846,0.1598,0.1542,0.15585,254280.0,307,0.0,0.0
1756119600000,0.1556,0.15848,0.15452,0.15848,394054.0,341,0.0,0.0
1756123200000,0.15829,0.15929,0.1562,0.15793,301487.0,368,0.0,0.0
1756126800000,0.15754,0.15765,0.15559,0.15609,253219.0,336,0.0,0.0
1756130400000,0.1556,0.16085,0.15515,0.16024,849600.0,446,0.0,0.0
1756134000000,0.15974,0.16028,0.15667,0.15707,790044.0,407,0.0,0.0
1756137600000,0.15675,0.15812,0.15528,0.15677,1888251.0,1022,0.0,0.0
1756141200000,0.1567,0.15766,0.1561,0.15649,492929.0,385,0.0,0.0
1756144800000,0.15649,0.15716,0.1561,0.1561,393322.0,182,0.0,0.0
1756148400000,0.15613,0.15636,0.15453,0.15453,1572720.0,1380,0.0,0.0
1756152000000,0.15453,0.15677,0.15347,0.15374,2551244.0,732,0.0,0.0
1756155600000,0.15363,0.15389,0.1454,0.14932,3317208.0,633,0.0,0.0
1756159200000,0.1486,0.15303,0.14846,0.15073,1269407.0,465,0.0,0.0
1756162800000,0.15151,0.15151,0.14926,0.1493,269414.0,140,0.0,0.0
1756166400000,0.14908,0.14985,0.14534,0.14613,332639.0,161,0.0,0.0
1756170000000,0.14589,0.15173,0.14542,0.1515,299067.0,148,0.0,0.0
1756173600000,0.1515,0.15245,0.14951,0.15008,125134.0,126,0.0,0.0
1756177200000,0.15121,0.15267,0.1499,0.15063,365646.0,213,0.0,0.0
1756180800000,0.15088,0.15874,0.15088,0.15833,848398.0,353,0.0,0.0
1756184400000,0.15853,0.15994,0.15403,0.15678,1235326.0,771,0.0,0.0
1756188000000,0.1565,0.15728,0.15467,0.15522,168151.0,135,0.0,0.0
1756191600000,0.15492,0.16095,0.15462,0.15984,1032177.0,410,0.0,0.0
1756195200000,0.15956,0.16725,0.15902,0.163,2881721.0,844,0.0,0.0
1756198800000,0.16302,0.16515,0.1628,0.16394,1395718.0,705,0.0,0.0
1756202400000,0.16423,0.17099,0.16271,0.16773,3271275.0,1239,0.0,0.0
1756206000000,0.16759,0.16804,0.1635,0.16574,2567434.0,668,0.0,0.0
1756209600000,0.1658,0.16804,0.16267,0.16697,6627657.0,1526,0.0,0.0
1756213200000,0.16705,0.17248,0.16616,0.1723,2323626.0,1174,0.0,0.0
1756216800000,0.1723,0.18611,0.17094,0.18589,4087930.0,1809,0.0,0.0
1756220400000,0.18589,0.19297,0.18146,0.18255,5942899.0,1952,0.0,0.0
1756224000000,0.18255,0.18798,0.18255,0.18797,4046062.0,1396,0.0,0.0
1756227600000,0.18797,0.18798,0.18387,0.18691,2646736.0,950,0.0,0.0
1756231200000,0.18697,0.18797,0.18509,0.18743,1144212.0,646,0.0,0.0
1756234800000,0.18747,0.18798,0.18693,0.18786,2032210.0,1009,0.0,0.0
1756238400000,0.18781,0.18798,0.18556,0.18758,2542108.0,914,0.0,0.0
1756242000000,0.1874,0.19047,0.175,0.18047,13114136.0,3447,0.0,0.0
1756245600000,0.18011,0.18067,0.17222,0.17486,4981058.0,1333,0.0,0.0
1756249200000,0.17505,0.17588,0.1713,0.17308,1763169.0,854,0.0,0.0
1756252800000,0.17319,0.17408,0.17121,0.17179,521513.0,342,0.0,0.0
1756256400000,0.17138,0.17263,0.16576,0.1714,4684166.0,848,0.0,0.0
1756260000000,0.17135,0.17554,0.16837,0.17451,2178091.0,592,0.0,0.0
1756263600000,0.17537,0.18483,0.17297,0.18359,2644440.0,768,0.0,0.0
1756267200000,0.18339,0.1892,0.18175,0.18845,3971627.0,1287,0.0,0.0
1756270800000,0.18854,0.19107,0.18611,0.18919,1938350.0,873,0.0,0.0
1756274400000,0.1894,0.1894,0.18188,0.18344,1980028.0,1061,0.0,0.0
1756278000000,0.18354,0.18403,0.17302,0.17434,3198003.0,1721,0.0,0.0
1756281600000,0.17464,0.17568,0.16755,0.16936,1389629.0,598,0.0,0.0
1756285200000,0.16976,0.17113,0.16738,0.17042,731386.0,549,0.0,0.0
1756288800000,0.17111,0.17207,0.16934,0.16954,344889.0,411,0.0,0.0
1756292400000,0.1698,0.17357,0.16954,0.17354,997700.0,736,0.0,0.0
1756296000000,0.1736,0.17606,0.1726,0.17419,610713.0,557,0.0,0.0
1756299600000,0.17433,0.17562,0.16978,0.17385,1015458.0,619,0.0,0.0
1756303200000,0.17407,0.18465,0.17323,0.18197,4068867.0,1209,0.0,0.0
1756306800000,0.182,0.18379,0.17909,0.1832,1997727.0,856,0.0,0.0
1756310400000,0.1832,0.18389,0.17661,0.17743,1077465.0,557,0.0,0.0
1756314000000,0.17697,0.18558,0.17682,0.18126,2428030.0,893,0.0,0.0
1756317600000,0.18138,0.18253,0.17831,0.17955,1050347.0,509,0.0,0.0
1756321200000,0.17957,0.18004,0.16933,0.17124,2870845.0,777,0.0,0.0
1756324800000,0.17141,0.17471,0.16866,0.17367,2481259.0,997,0.0,0.0
1756328400000,0.17367,0.17405,0.16649,0.16732,3041763.0,990,0.0,0.0
1756332000000,0.16757,0.16852,0.16356,0.16591,2592391.0,1219,0.0,0.0
1756335600000,0.16591,0.16925,0.16576,0.16869,2611437.0,1226,0.0,0.0
1756339200000,0.16882,0.17007,0.16364,0.16676,1532467.0,532,0.0,0.0
1756342800000,0.16696,0.17476,0.16638,0.17351,1714383.0,595,0.0,0.0
1756346400000,0.17351,0.17728,0.17348,0.17633,2152859.0,891,0.0,0.0
1756350000000,0.17656,0.17988,0.17594,0.17924,434122.0,237,0.0,0.0
1756353600000,0.17953,0.18,0.17807,0.17807,339952.0,212,0.0,0.0
1756357200000,0.17766,0.18174,0.17766,0.1801,435824.0,254,0.0,0.0
1756360800000,0.18017,0.18339,0.1799,0.18285,757082.0,572,0.0,0.0
1756364400000,0.1825,0.18285,0.17981,0.18166,411457.0,335,0.0,0.0
1756368000000,0.18149,0.18311,0.17839,0.17931,627371.0,634,0.0,0.0
1756371600000,0.17924,0.17992,0.17738,0.17752,378516.0,214,0.0,0.0
1756375200000,0.17754,0.17941,0.17748,0.17924,102359.0,156,0.0,0.0
1756378800000,0.17938,0.17941,0.17762,0.17779,286859.0,202,0.0,0.0
1756382400000,0.17794,0.18046,0.17752,0.18042,344459.0,220,0.0,0.0
1756386000000,0.18058,0.18163,0.17858,0.1788,459216.0,407,0.0,0.0
1756389600000,0.17875,0.18115,0.17804,0.18101,397473.0,266,0.0,0.0
1756393200000,0.18113,0.1813,0.17738,0.1784,344981.0,420,0.0,0.0
1756396800000,0.17845,0.17933,0.17594,0.17594,586856.0,510,0.0,0.0
1756400400000,0.17594,0.17882,0.17416,0.17678,2147499.0,766,0.0,0.0
1756404000000,0.17686,0.1777,0.17686,0.17708,107161.0,221,0.0,0.0
1756407600000,0.1772,0.17755,0.174,0.1744,1146712.0,361,0.0,0.0
1756411200000,0.17441,0.17715,0.174,0.17414,324330.0,356,0.0,0.0
1756414800000,0.17414,0.17709,0.17303,0.17663,1524136.0,863,0.0,0.0
1756418400000,0.17648,0.17738,0.17512,0.17523,438829.0,330,0.0,0.0
1756422000000,0.17526,0.17591,0.17377,0.17417,248502.0,174,0.0,0.0
1756425600000,0.1742,0.17516,0.173,0.17516,438889.0,288,0.0,0.0
1756429200000,0.17524,0.17652,0.17424,0.17584,505364.0,581,0.0,0.0
1756432800000,0.17583,0.1764,0.17402,0.17412,58062.0,129,0.0,0.0
1756436400000,0.17367,0.17456,0.173,0.17415,241962.0,222,0.0,0.0
1756440000000,0.17413,0.18013,0.17407,0.17944,1344224.0,1322,0.0,0.0
1756443600000,0.17941,0.17991,0.17448,0.17566,504551.0,335,0.0,0.0
1756447200000,0.1756,0.1763,0.173,0.17578,1267266.0,478,0.0,0.0
1756450800000,0.17606,0.17606,0.172,0.17312,970734.0,547,0.0,0.0
1756454400000,0.17301,0.17477,0.17051,0.17101,562134.0,398,0.0,0.0
1756458000000,0.17071,0.17251,0.17005,0.172,614496.0,406,0.0,0.0
1756461600000,0.17197,0.17277,0.17176,0.17214,363566.0,370,0.0,0.0
1756465200000,0.17214,0.17218,0.17005,0.17005,558795.0,425,0.0,0.0
1756468800000,0.17006,0.17402,0.17006,0.17335,586153.0,452,0.0,0.0
1756472400000,0.1738,0.17426,0.17005,0.17048,570135.0,311,0.0,0.0
1756476000000,0.17085,0.1729,0.17005,0.1701,1754267.0,563,0.0,0.0
1756479600000,0.17028,0.17243,0.1689,0.17179,1717322.0,667,0.0,0.0
1756483200000,0.17183,0.17183,0.16952,0.16967,315637.0,244,0.0,0.0
1756486800000,0.1696,0.1696,0.16189,0.1644,3066574.0,890,0.0,0.0
1756490400000,0.16449,0.16449,0.15712,0.15713,2464461.0,1037,0.0,0.0
1756494000000,0.15713,0.15983,0.15678,0.15758,351340.0,245,0.0,0.0
1756497600000,0.1578,0.16225,0.1565,0.1614,868457.0,367,0.0,0.0
1756501200000,0.16139,0.1663,0.161,0.16431,1560988.0,548,0.0,0.0
1756504800000,0.16446,0.16704,0.164,0.16674,381915.0,242,0.0,0.0
1756508400000,0.16677,0.16677,0.16515,0.16539,260769.0,218,0.0,0.0
1756512000000,0.16535,0.16565,0.15973,0.16068,1377006.0,716,0.0,0.0
1756515600000,0.16081,0.16315,0.16006,0.16059,856037.0,687,0.0,0.0
1756519200000,0.16068,0.16345,0.16028,0.16264,368364.0,366,0.0,0.0
1756522800000,0.16296,0.16569,0.16262,0.16522,411409.0,404,0.0,0.0
1756526400000,0.16541,0.16566,0.16421,0.16463,89512.0,305,0.0,0.0
1756530000000,0.16472,0.16642,0.16418,0.16447,326459.0,396,0.0,0.0
1756533600000,0.16513,0.16677,0.16476,0.16638,253871.0,344,0.0,0.0
1756537200000,0.16671,0.17322,0.16632,0.17306,1519167.0,1001,0.0,0.0
1756540800000,0.17321,0.17347,0.16721,0.16749,1867239.0,999,0.0,0.0
1756544400000,0.16756,0.17096,0.16719,0.17085,1154559.0,863,0.0,0.0
1756548000000,0.17082,0.17341,0.16974,0.17065,1657489.0,1145,0.0,0.0
1756551600000,0.17093,0.17141,0.17061,0.17068,320436.0,415,0.0,0.0
1756555200000,0.17106,0.17126,0.16915,0.17021,194665.0,349,0.0,0.0
1756558800000,0.17033,0.17033,0.1689,0.16899,334532.0,541,0.0,0.0
1756562400000,0.16936,0.16958,0.16866,0.16947,92208.0,378,0.0,0.0
1756566000000,0.16957,0.17183,0.16932,0.17161,279831.0,517,0.0,0.0
1756569600000,0.17178,0.17178,0.17021,0.17083,104909.0,388,0.0,0.0
1756573200000,0.17103,0.17157,0.16975,0.1709,120336.0,392,0.0,0.0
1756576800000,0.17105,0.17105,0.17014,0.17081,135368.0,428,0.0,0.0
1756580400000,0.17093,0.17093,0.16906,0.16946,161411.0,508,0.0,0.0
1756584000000,0.16948,0.1699,0.16762,0.16791,690990.0,1015,0.0,0.0
1756587600000,0.16792,0.16797,0.16521,0.16547,753757.0,1026,0.0,0.0
1756591200000,0.16544,0.16548,0.16284,0.16312,806237.0,1470,0.0,0.0
1756594800000,0.16309,0.16318,0.16027,0.16028,1073079.0,1411,0.0,0.0
1756598400000,0.16054,0.16333,0.16021,0.16308,894942.0,1069,0.0,0.0
1756602000000,0.16301,0.16311,0.16079,0.16147,1440434.0,1299,0.0,0.0
1756605600000,0.16079,0.16157,0.16028,0.16148,900956.0,766,0.0,0.0
1756609200000,0.16144,0.16287,0.16106,0.16274,141589.0,374,0.0,0.0
1756612800000,0.16249,0.16288,0.16139,0.1625,61069.0,355,0.0,0.0
1756616400000,0.16236,0.16307,0.16171,0.16307,204461.0,334,0.0,0.0
1756620000000,0.16263,0.16338,0.16229,0.16258,78294.0,293,0.0,0.0
1756623600000,0.16232,0.16343,0.16159,0.1618,44989.0,273,0.0,0.0
1756627200000,0.16188,0.16297,0.16129,0.16297,176107.0,343,0.0,0.0
1756630800000,0.16245,0.16276,0.1606,0.16077,94183.0,283,0.0,0.0
1756634400000,0.1606,0.16148,0.16022,0.16086,264262.0,322,0.0,0.0
1756638000000,0.16076,0.16145,0.16025,0.16145,144737.0,290,0.0,0.0
1756641600000,0.16128,0.1617,0.16062,0.16156,84512.0,302,0.0,0.0
1756645200000,0.16146,0.16181,0.16014,0.16039,123206.0,298,0.0,0.0
1756648800000,0.16013,0.16052,0.1592,0.16019,96658.0,271,0.0,0.0
1756652400000,0.16004,0.16067,0.15846,0.16001,451235.0,413,0.0,0.0
1756656000000,0.15953,0.16212,0.15926,0.16211,105535.0,295,0.0,0.0
1756659600000,0.16199,0.16358,0.16156,0.16288,253667.0,369,0.0,0.0
1756663200000,0.16284,0.16338,0.16217,0.16238,127982.0,488,0.0,0.0
1756666800000,0.16236,0.16239,0.1605,0.1607,206003.0,583,0.0,0.0
1756670400000,0.1607,0.16092,0.16015,0.16045,158202.0,715,0.0,0.0
1756674000000,0.16047,0.16115,0.16018,0.16107,70828.0,510,0.0,0.0
1756677600000,0.16112,0.1627,0.16055,0.16183,547654.0,739,0.0,0.0
1756681200000,0.16183,0.16183,0.15931,0.15943,110305.0,414,0.0,0.0
1756684800000,0.15961,0.16184,0.1582,0.16103,351390.0,378,0.0,0.0
1756688400000,0.16112,0.16292,0.16067,0.1624,410389.0,376,0.0,0.0
1756692000000,0.16258,0.1628,0.1604,0.16111,538408.0,426,0.0,0.0
1756695600000,0.16122,0.16207,0.16009,0.1609,303196.0,347,0.0,0.0
1756699200000,0.16117,0.16172,0.15933,0.16007,98896.0,283,0.0,0.0
1756702800000,0.16032,0.16139,0.15937,0.16018,42427.0,246,0.0,0.0
1756706400000,0.16037,0.16073,0.15948,0.16003,78441.0,267,0.0,0.0
1756710000000,0.16026,0.16291,0.15971,0.1628,73058.0,285,0.0,0.0
1756713600000,0.16291,0.169,0.16281,0.16854,2290386.0,1158,0.0,0.0
1756717200000,0.16888,0.1733,0.16831,0.17137,2897885.0,1751,0.0,0.0
1756720800000,0.17204,0.18274,0.17082,0.17906,6247952.0,2764,0.0,0.0
1756724400000,0.17889,0.1803,0.1769,0.17694,897879.0,1068,0.0,0.0
1756728000000,0.17729,0.1773,0.16368,0.16601,4527944.0,1618,0.0,0.0
1756731600000,0.16682,0.16771,0.16571,0.16598,223227.0,468,0.0,0.0
1756735200000,0.16649,0.1677,0.16593,0.16611,241986.0,452,0.0,0.0
1756738800000,0.16651,0.16693,0.16512,0.16532,676988.0,534,0.0,0.0
1756742400000,0.1657,0.1671,0.16512,0.16699,1604444.0,884,0.0,0.0
1756746000000,0.16726,0.16731,0.16503,0.16658,1035008.0,458,0.0,0.0
1756749600000,0.16619,0.16767,0.16616,0.16767,220433.0,207,0.0,0.0
1756753200000,0.16764,0.16954,0.16717,0.16819,333794.0,301,0.0,0.0
1756756800000,0.16882,0.16895,0.16624,0.16694,57967.0,156,0.0,0.0
1756760400000,0.16703,0.16703,0.16292,0.16376,2379823.0,384,0.0,0.0
1756764000000,0.16373,0.16489,0.16292,0.16459,313754.0,231,0.0,0.0
1756767600000,0.16458,0.16747,0.16447,0.16747,114647.0,107,0.0,0.0
1756771200000,0.16749,0.16817,0.16702,0.16788,119637.0,145,0.0,0.0
1756774800000,0.16778,0.16999,0.16775,0.16943,108403.0,98,0.0,0.0
1756778400000,0.16944,0.1725,0.16899,0.17243,142470.0,222,0.0,0.0
1756782000000,0.1725,0.17376,0.1712,0.17328,237227.0,214,0.0,0.0
1756785600000,0.17314,0.17429,0.17243,0.17413,158201.0,216,0.0,0.0
1756789200000,0.17422,0.17426,0.17333,0.17403,90645.0,128,0.0,0.0
1756792800000,0.17348,0.17702,0.17348,0.17615,448663.0,239,0.0,0.0
1756796400000,0.17661,0.17712,0.17486,0.17513,348160.0,303,0.0,0.0
1756800000000,0.17523,0.17772,0.17523,0.17772,169742.0,128,0.0,0.0
1756803600000,0.17759,0.17763,0.17522,0.17694,319382.0,190,0.0,0.0
1756807200000,0.17728,0.17761,0.17568,0.17573,98934.0,91,0.0,0.0
1756810800000,0.17537,0.17554,0.17423,0.17537,154301.0,144,0.0,0.0
1756814400000,0.17537,0.17553,0.17196,0.17227,413714.0,238,0.0,0.0
1756818000000,0.17207,0.17579,0.17193,0.17546,416428.0,214,0.0,0.0
1756821600000,0.17569,0.17588,0.17001,0.17197,2577627.0,537,0.0,0.0
1756825200000,0.17196,0.17337,0.16663,0.16715,2078645.0,656,0.0,0.0
1756828800000,0.16715,0.16776,0.16399,0.16485,1152305.0,520,0.0,0.0
1756832400000,0.1647,0.16675,0.1645,0.16495,237129.0,187,0.0,0.0
1756836000000,0.16492,0.16598,0.16438,0.16527,153975.0,126,0.0,0.0
1756839600000,0.1652,0.17116,0.1652,0.16744,1581817.0,638,0.0,0.0
1756843200000,0.16771,0.17248,0.16743,0.17187,1065511.0,493,0.0,0.0
1756846800000,0.17192,0.17325,0.17159,0.17262,277306.0,170,0.0,0.0
1756850400000,0.17271,0.17318,0.17127,0.17292,436049.0,204,0.0,0.0
1756854000000,0.17301,0.174,0.17226,0.174,582765.0,275,0.0,0.0
1756857600000,0.174,0.17559,0.17358,0.17379,268559.0,224,0.0,0.0
1756861200000,0.17365,0.17519,0.17226,0.17519,71807.0,108,0.0,0.0
1756864800000,0.17489,0.17516,0.17413,0.17468,36201.0,92,0.0,0.0
1756868400000,0.17468,0.17484,0.17221,0.17248,118394.0,155,0.0,0.0
1756872000000,0.17235,0.17281,0.17222,0.17251,25155.0,86,0.0,0.0
1756875600000,0.17268,0.17268,0.16753,0.16893,1424060.0,604,0.0,0.0
1756879200000,0.16895,0.16939,0.16838,0.16896,93432.0,158,0.0,0.0
1756882800000,0.16895,0.16922,0.16821,0.16922,151393.0,186,0.0,0.0
1756886400000,0.16906,0.17268,0.16855,0.17226,1007896.0,557,0.0,0.0
1756890000000,0.17226,0.17409,0.1717,0.17392,164416.0,185,0.0,0.0
1756893600000,0.17405,0.17695,0.17327,0.17587,641989.0,412,0.0,0.0
1756897200000,0.17587,0.17752,0.17444,0.1752,260254.0,190,0.0,0.0
1756900800000,0.17506,0.17554,0.17396,0.17436,139762.0,139,0.0,0.0
1756904400000,0.17433,0.18059,0.17433,0.17832,882530.0,395,0.0,0.0
1756908000000,0.17834,0.1795,0.17716,0.17809,215879.0,341,0.0,0.0
1756911600000,0.17831,0.17923,0.17817,0.1787,76478.0,198,0.0,0.0
1756915200000,0.17857,0.17962,0.17657,0.17677,301847.0,340,0.0,0.0
1756918800000,0.17691,0.17845,0.17648,0.17705,114969.0,154,0.0,0.0
1756922400000,0.17692,0.17755,0.1754,0.17672,88518.0,233,0.0,0.0
1756926000000,0.17658,0.17723,0.17602,0.17673,82248.0,150,0.0,0.0
1756929600000,0.17647,0.17767,0.17609,0.17765,53681.0,143,0.0,0.0
1756933200000,0.17776,0.17783,0.17654,0.17737,214807.0,157,0.0,0.0
1756936800000,0.17746,0.17746,0.17621,0.17628,237365.0,274,0.0,0.0
1756940400000,0.17645,0.17684,0.17325,0.17458,1275096.0,708,0.0,0.0
1756944000000,0.17462,0.1767,0.17406,0.17616,238894.0,201,0.0,0.0
1756947600000,0.17639,0.17639,0.17389,0.17445,167974.0,183,0.0,0.0
1756951200000,0.17419,0.17468,0.17272,0.1735,69580.0,124,0.0,0.0
1756954800000,0.17349,0.17427,0.17165,0.17165,438672.0,291,0.0,0.0
1756958400000,0.17178,0.17252,0.17165,0.17165,218494.0,216,0.0,0.0
1756962000000,0.17165,0.17165,0.16998,0.17043,360492.0,195,0.0,0.0
1756965600000,0.17025,0.17049,0.16931,0.17032,141050.0,109,0.0,0.0
1756969200000,0.17044,0.17098,0.16898,0.17011,310350.0,196,0.0,0.0
1756972800000,0.17014,0.17075,0.1694,0.17,114842.0,151,0.0,0.0
1756976400000,0.17008,0.1712,0.17,0.17119,50238.0,116,0.0,0.0
1756980000000,0.17127,0.17157,0.16771,0.16944,394679.0,416,0.0,0.0
1756983600000,0.16931,0.1704,0.16893,0.17011,63808.0,145,0.0,0.0
1756987200000,0.17016,0.171,0.16989,0.16989,115286.0,184,0.0,0.0
1756990800000,0.16989,0.16996,0.16883,0.16898,34846.0,135,0.0,0.0
1756994400000,0.1688,0.17077,0.16685,0.16935,1287523.0,436,0.0,0.0
1756998000000,0.16937,0.17026,0.16933,0.16997,552580.0,353,0.0,0.0
1757001600000,0.17008,0.1709,0.16933,0.17057,218492.0,230,0.0,0.0
1757005200000,0.17051,0.17219,0.17051,0.17119,106278.0,150,0.0,0.0
1757008800000,0.17118,0.17219,0.16979,0.17023,135072.0,249,0.0,0.0
1757012400000,0.17,0.17044,0.16933,0.16933,202845.0,428,0.0,0.0
1757016000000,0.1695,0.17144,0.16937,0.17096,134169.0,152,0.0,0.0
1757019600000,0.17061,0.17195,0.17047,0.17151,75980.0,115,0.0,0.0
1757023200000,0.1713,0.17352,0.1713,0.17352,115576.0,117,0.0,0.0
1757026800000,0.17344,0.17375,0.17105,0.17137,261350.0,221,0.0,0.0
1757030400000,0.17159,0.17253,0.17117,0.17128,58488.0,129,0.0,0.0
1757034000000,0.1712,0.17224,0.1712,0.17196,17354.0,98,0.0,0.0
1757037600000,0.17218,0.17343,0.17171,0.1732,26045.0,122,0.0,0.0
1757041200000,0.17314,0.17334,0.17148,0.17204,203310.0,285,0.0,0.0
1757044800000,0.17212,0.1753,0.17203,0.17435,310712.0,196,0.0,0.0
1757048400000,0.17404,0.17466,0.17395,0.17464,31241.0,83,0.0,0.0
1757052000000,0.17462,0.17701,0.17444,0.17653,252087.0,336,0.0,0.0
1757055600000,0.17653,0.17941,0.17632,0.17911,434570.0,535,0.0,0.0
1757059200000,0.17886,0.17939,0.17658,0.17708,514141.0,525,0.0,0.0
1757062800000,0.17706,0.17706,0.17644,0.17697,282983.0,355,0.0,0.0
1757066400000,0.17697,0.17708,0.17647,0.17688,463703.0,350,0.0,0.0
1757070000000,0.17689,0.17765,0.17606,0.17684,1307459.0,532,0.0,0.0
1757073600000,0.17694,0.17765,0.17556,0.17746,472975.0,377,0.0,0.0
1757077200000,0.17764,0.1779,0.17529,0.17768,1725785.0,552,0.0,0.0
1757080800000,0.1777,0.1778,0.17102,0.1724,711130.0,452,0.0,0.0
1757084400000,0.1726,0.17513,0.17178,0.1741,97567.0,110,0.0,0.0
1757088000000,0.17403,0.17487,0.17266,0.17457,83969.0,91,0.0,0.0
1757091600000,0.17394,0.17425,0.17194,0.17274,54091.0,88,0.0,0.0
1757095200000,0.17267,0.17385,0.1712,0.17378,213764.0,161,0.0,0.0
1757098800000,0.17335,0.1757,0.17305,0.17515,157981.0,113,0.0,0.0
1757102400000,0.17485,0.17682,0.17485,0.17682,104937.0,152,0.0,0.0
1757106000000,0.1769,0.17763,0.17506,0.17702,306173.0,314,0.0,0.0
1757109600000,0.17695,0.1773,0.17603,0.17674,52330.0,278,0.0,0.0
1757113200000,0.17658,0.17741,0.17633,0.17653,42978.0,256,0.0,0.0
1757116800000,0.17635,0.1779,0.17635,0.17759,316235.0,416,0.0,0.0
1757120400000,0.17749,0.18009,0.17737,0.17905,1185004.0,642,0.0,0.0
1757124000000,0.17881,0.17986,0.17756,0.17772,243846.0,328,0.0,0.0
1757127600000,0.17774,0.17963,0.17756,0.17907,42043.0,164,0.0,0.0
1757131200000,0.17907,0.1792,0.17789,0.17862,44334.0,151,0.0,0.0
1757134800000,0.17858,0.17858,0.17706,0.17739,89427.0,188,0.0,0.0
1757138400000,0.17726,0.17742,0.17647,0.17734,39084.0,157,0.0,0.0
1757142000000,0.17729,0.17745,0.17597,0.17597,28120.0,218,0.0,0.0
1757145600000,0.17625,0.17653,0.1757,0.1757,86037.0,258,0.0,0.0
1757149200000,0.17633,0.17634,0.17571,0.17581,32370.0,248,0.0,0.0
1757152800000,0.17618,0.17664,0.1757,0.17628,28582.0,253,0.0,0.0
1757156400000,0.17643,0.17695,0.17571,0.17649,83042.0,267,0.0,0.0
1757160000000,0.17665,0.17708,0.17613,0.17681,29122.0,248,0.0,0.0
1757163600000,0.17698,0.17754,0.17642,0.17704,94555.0,272,0.0,0.0
1757167200000,0.17708,0.17777,0.17651,0.17713,209780.0,328,0.0,0.0
1757170800000,0.17758,0.17758,0.17439,0.17476,118810.0,294,0.0,0.0
1757174400000,0.17494,0.17527,0.17195,0.17279,642551.0,558,0.0,0.0
1757178000000,0.17309,0.17309,0.16771,0.17074,770642.0,443,0.0,0.0
1757181600000,0.17101,0.1714,0.16905,0.16934,300783.0,343,0.0,0.0
1757185200000,0.16953,0.17006,0.16683,0.16777,729173.0,422,0.0,0.0
1757188800000,0.16798,0.17007,0.16745,0.16943,168323.0,324,0.0,0.0
1757192400000,0.16967,0.16967,0.16831,0.16902,98736.0,273,0.0,0.0
1757196000000,0.16945,0.17148,0.1691,0.17091,306964.0,592,0.0,0.0
1757199600000,0.1713,0.17181,0.17054,0.17057,36617.0,247,0.0,0.0
1757203200000,0.17076,0.17225,0.1706,0.17201,36474.0,283,0.0,0.0
1757206800000,0.17214,0.1725,0.17184,0.17237,112241.0,320,0.0,0.0
1757210400000,0.17249,0.1734,0.17224,0.17326,248853.0,328,0.0,0.0
1757214000000,0.1734,0.1734,0.17223,0.17262,53876.0,265,0.0,0.0
1757217600000,0.17288,0.1733,0.17212,0.17235,74757.0,286,0.0,0.0
1757221200000,0.17243,0.17252,0.17178,0.17222,196604.0,316,0.0,0.0
1757224800000,0.17242,0.17284,0.17215,0.17217,36989.0,254,0.0,0.0
1757228400000,0.17229,0.1734,0.17163,0.17325,145705.0,300,0.0,0.0
1757232000000,0.1734,0.17381,0.17294,0.1734,236023.0,355,0.0,0.0
1757235600000,0.17354,0.1741,0.17251,0.17329,60158.0,258,0.0,0.0
1757239200000,0.17344,0.1741,0.17308,0.17328,54467.0,268,0.0,0.0
1757242800000,0.17367,0.1741,0.17231,0.17267,67978.0,281,0.0,0.0
1757246400000,0.1729,0.17297,0.17216,0.17216,95708.0,266,0.0,0.0
1757250000000,0.17223,0.17337,0.17207,0.17289,56703.0,264,0.0,0.0
1757253600000,0.17318,0.1741,0.17286,0.17326,171914.0,307,0.0,0.0
1757257200000,0.17345,0.17356,0.17144,0.17328,75000.0,276,0.0,0.0
1757260800000,0.17348,0.1745,0.1709,0.17133,176071.0,315,0.0,0.0
1757264400000,0.1715,0.17166,0.1707,0.17118,77801.0,144,0.0,0.0
1757268000000,0.17103,0.17103,0.17065,0.17083,10788.0,88,0.0,0.0
1757271600000,0.17085,0.17319,0.17085,0.17186,389353.0,164,0.0,0.0
1757275200000,0.17182,0.17182,0.17032,0.17151,70340.0,127,0.0,0.0
1757278800000,0.17165,0.1719,0.17098,0.1712,11159.0,83,0.0,0.0
1757282400000,0.17119,0.17253,0.17093,0.1724,117693.0,229,0.0,0.0
1757286000000,0.17236,0.17539,0.17234,0.17332,595295.0,377,0.0,0.0
1757289600000,0.17358,0.17752,0.17238,0.17499,855183.0,266,0.0,0.0
1757293200000,0.17479,0.17606,0.17402,0.17599,285643.0,248,0.0,0.0
1757296800000,0.17587,0.18143,0.17549,0.17975,699002.0,518,0.0,0.0
1757300400000,0.18107,0.18279,0.17939,0.18041,1368385.0,1036,0.0,0.0
1757304000000,0.18076,0.18085,0.17848,0.17885,866754.0,832,0.0,0.0
1757307600000,0.17885,0.18489,0.17861,0.18489,1912885.0,1295,0.0,0.0
1757311200000,0.18488,0.18666,0.1816,0.18609,2193607.0,1211,0.0,0.0
1757314800000,0.18625,0.18645,0.18241,0.18481,1609901.0,898,0.0,0.0
1757318400000,0.18442,0.19085,0.18435,0.19085,1945842.0,1372,0.0,0.0
1757322000000,0.19028,0.19331,0.18847,0.18901,2413235.0,1205,0.0,0.0
1757325600000,0.18868,0.19126,0.18817,0.19082,1398043.0,786,0.0,0.0
1757329200000,0.19047,0.19171,0.18912,0.1902,940297.0,681,0.0,0.0
1757332800000,0.18997,0.19327,0.18902,0.1912,1550797.0,667,0.0,0.0
1757336400000,0.1912,0.19125,0.1879,0.18888,3092188.0,1612,0.0,0.0
1757340000000,0.18882,0.19028,0.1887,0.19028,1480910.0,301,0.0,0.0
1757343600000,0.19026,0.19035,0.18478,0.18824,1874439.0,643,0.0,0.0
1757347200000,0.18847,0.18895,0.18629,0.18659,226077.0,252,0.0,0.0
1757350800000,0.18658,0.18658,0.18322,0.18468,1467910.0,735,0.0,0.0
1757354400000,0.18521,0.18633,0.18326,0.18616,240391.0,301,0.0,0.0
1757358000000,0.18623,0.18726,0.18603,0.18605,1000398.0,686,0.0,0.0
1757361600000,0.18609,0.18661,0.18521,0.18578,451993.0,290,0.0,0.0
1757365200000,0.18578,0.18632,0.18137,0.18624,946674.0,365,0.0,0.0
1757368800000,0.18632,0.19332,0.1858,0.18894,1216051.0,471,0.0,0.0
1757372400000,0.18861,0.19199,0.18861,0.19068,207091.0,150,0.0,0.0
1757376000000,0.19077,0.19192,0.18457,0.19089,1416872.0,475,0.0,0.0
1757379600000,0.19106,0.195,0.18993,0.19346,1015760.0,357,0.0,0.0
1757383200000,0.19276,0.19545,0.18876,0.19056,1629168.0,640,0.0,0.0
1757386800000,0.19063,0.19791,0.18955,0.19464,1359296.0,476,0.0,0.0
1757390400000,0.1946,0.20485,0.19384,0.20402,2438442.0,1045,0.0,0.0
1757394000000,0.20392,0.20985,0.20339,0.20972,2078124.0,1240,0.0,0.0
1757397600000,0.20924,0.21443,0.20895,0.21073,2339763.0,1350,0.0,0.0
1757401200000,0.21119,0.21759,0.20881,0.21658,3223156.0,1268,0.0,0.0
1757404800000,0.21645,0.22371,0.21624,0.21892,3935038.0,1768,0.0,0.0
1757408400000,0.21844,0.2286,0.21281,0.21909,5344250.0,1813,0.0,0.0
1757412000000,0.21903,0.21917,0.21176,0.21585,2528138.0,1103,0.0,0.0
1757415600000,0.21577,0.21605,0.20757,0.2086,2709235.0,1895,0.0,0.0
1757419200000,0.20831,0.20895,0.2046,0.20572,1388150.0,816,0.0,0.0
1757422800000,0.20561,0.20654,0.19832,0.20292,2172218.0,1030,0.0,0.0
1757426400000,0.20271,0.20579,0.19684,0.19788,2758903.0,1814,0.0,0.0
1757430000000,0.19729,0.19823,0.18769,0.19327,4773126.0,2850,0.0,0.0
1757433600000,0.19337,0.19671,0.18773,0.19369,2863800.0,1508,0.0,0.0
1757437200000,0.19371,0.199,0.19367,0.19587,866817.0,959,0.0,0.0
1757440800000,0.19581,0.19763,0.19552,0.1973,821810.0,585,0.0,0.0
1757444400000,0.19704,0.20353,0.19694,0.20299,1006262.0,786,0.0,0.0
1757448000000,0.20308,0.20405,0.19924,0.20239,1270602.0,839,0.0,0.0
1757451600000,0.20218,0.20458,0.20144,0.20399,1129528.0,612,0.0,0.0
1757455200000,0.20354,0.20554,0.20278,0.20437,536701.0,528,0.0,0.0
1757458800000,0.20438,0.21265,0.20393,0.21214,2373604.0,1058,0.0,0.0
1757462400000,0.21177,0.21299,0.2008,0.20545,2452010.0,680,0.0,0.0
1757466000000,0.20545,0.21101,0.20532,0.21008,907433.0,414,0.0,0.0
1757469600000,0.21013,0.21519,0.21013,0.21399,1777451.0,1344,0.0,0.0
1757473200000,0.21499,0.218,0.20996,0.21674,900400.0,936,0.0,0.0
1757476800000,0.21709,0.22537,0.21542,0.22007,1951091.0,1155,0.0,0.0
1757480400000,0.22007,0.22274,0.21428,0.21838,1240481.0,1199,0.0,0.0
1757484000000,0.21789,0.22039,0.21504,0.21698,1618429.0,1518,0.0,0.0
1757487600000,0.21698,0.21898,0.21533,0.21654,852200.0,1086,0.0,0.0
1757491200000,0.21684,0.21845,0.20624,0.21038,2039961.0,1209,0.0,0.0
1757494800000,0.21108,0.21635,0.2101,0.21157,938166.0,559,0.0,0.0
1757498400000,0.21156,0.21156,0.20646,0.20712,757529.0,388,0.0,0.0
1757502000000,0.20646,0.20747,0.2033,0.20548,886699.0,362,0.0,0.0
1757505600000,0.20588,0.21393,0.20417,0.20709,1382978.0,733,0.0,0.0
1757509200000,0.20717,0.21218,0.20547,0.2108,1431443.0,882,0.0,0.0
1757512800000,0.21043,0.21244,0.20977,0.2101,858866.0,548,0.0,0.0
1757516400000,0.21016,0.21196,0.20827,0.21092,360816.0,198,0.0,0.0
1757520000000,0.2111,0.21203,0.20383,0.2075,1633681.0,641,0.0,0.0
1757523600000,0.20775,0.20808,0.20458,0.2071,421613.0,287,0.0,0.0
1757527200000,0.20654,0.20923,0.20604,0.20832,460010.0,261,0.0,0.0
1757530800000,0.20822,0.20822,0.195,0.19738,2477396.0,942,0.0,0.0
1757534400000,0.19771,0.2008,0.1973,0.2008,831580.0,546,0.0,0.0
1757538000000,0.2006,0.2031,0.20054,0.2031,179080.0,149,0.0,0.0
1757541600000,0.20276,0.20646,0.20116,0.20637,2135908.0,808,0.0,0.0
1757545200000,0.20637,0.20842,0.20461,0.20767,1313896.0,767,0.0,0.0
1757548800000,0.20761,0.21213,0.20705,0.21008,859115.0,400,0.0,0.0
1757552400000,0.20995,0.21101,0.20487,0.20794,1299059.0,700,0.0,0.0
1757556000000,0.20792,0.20792,0.20607,0.20705,284256.0,257,0.0,0.0
1757559600000,0.20701,0.21021,0.20689,0.21012,148776.0,157,0.0,0.0
1757563200000,0.21008,0.21299,0.20817,0.20851,577944.0,317,0.0,0.0
1757566800000,0.20893,0.20911,0.20795,0.2086,25836.0,112,0.0,0.0
1757570400000,0.20848,0.20874,0.20537,0.20695,942769.0,411,0.0,0.0
1757574000000,0.20687,0.20714,0.20566,0.20609,325788.0,261,0.0,0.0
1757577600000,0.20602,0.20645,0.2027,0.20416,413272.0,176,0.0,0.0
1757581200000,0.20419,0.20426,0.201,0.20109,185338.0,118,0.0,0.0
1757584800000,0.20108,0.20162,0.19101,0.19602,2815032.0,560,0.0,0.0
1757588400000,0.1963,0.19959,0.19206,0.1937,1085807.0,464,0.0,0.0
1757592000000,0.194,0.19943,0.19347,0.19677,766544.0,310,0.0,0.0
1757595600000,0.19702,0.19883,0.19566,0.19878,199785.0,130,0.0,0.0
1757599200000,0.19898,0.19946,0.19601,0.19815,317392.0,152,0.0,0.0
1757602800000,0.19813,0.19948,0.19722,0.1993,140922.0,141,0.0,0.0
1757606400000,0.19946,0.20019,0.19767,0.19836,241040.0,149,0.0,0.0
1757610000000,0.19855,0.20136,0.19707,0.1988,552777.0,220,0.0,0.0
1757613600000,0.19974,0.20066,0.19531,0.19741,493367.0,247,0.0,0.0
1757617200000,0.19738,0.2025,0.19703,0.20163,661000.0,352,0.0,0.0
1757620800000,0.2023,0.20375,0.20084,0.2024,591961.0,266,0.0,0.0
1757624400000,0.20286,0.20587,0.2023,0.20475,296543.0,215,0.0,0.0
1757628000000,0.20457,0.20804,0.20457,0.20663,1118734.0,422,0.0,0.0
1757631600000,0.20668,0.21158,0.20663,0.21044,981146.0,489,0.0,0.0
1757635200000,0.21044,0.21426,0.20791,0.21404,4895946.0,1935,0.0,0.0
1757638800000,0.21241,0.21446,0.20286,0.20776,3705021.0,1136,0.0,0.0
1757642400000,0.20793,0.20963,0.20761,0.20793,281561.0,162,0.0,0.0
1757646000000,0.20811,0.20816,0.20598,0.20786,362289.0,254,0.0,0.0
1757649600000,0.20781,0.20913,0.2067,0.20888,326804.0,231,0.0,0.0
1757653200000,0.20902,0.21098,0.20696,0.21032,783061.0,324,0.0,0.0
1757656800000,0.21061,0.21099,0.20777,0.20809,274594.0,404,0.0,0.0
1757660400000,0.20846,0.20902,0.20528,0.2055,510264.0,600,0.0,0.0
1757664000000,0.20575,0.20576,0.2013,0.20301,1335955.0,880,0.0,0.0
1757667600000,0.20289,0.20353,0.20102,0.20176,318631.0,333,0.0,0.0
1757671200000,0.2017,0.20408,0.20083,0.20393,402056.0,250,0.0,0.0
1757674800000,0.20394,0.20395,0.19975,0.19981,510866.0,312,0.0,0.0
1757678400000,0.20011,0.20104,0.1997,0.20043,200439.0,332,0.0,0.0
1757682000000,0.20072,0.2032,0.20043,0.20217,89251.0,281,0.0,0.0
1757685600000,0.20267,0.20367,0.19896,0.19975,920330.0,527,0.0,0.0
1757689200000,0.19989,0.2,0.1908,0.19417,2061942.0,775,0.0,0.0
1757692800000,0.1944,0.1956,0.19225,0.19484,607200.0,346,0.0,0.0
1757696400000,0.19478,0.19776,0.19388,0.1977,515513.0,486,0.0,0.0
1757700000000,0.19743,0.2,0.19655,0.2,487197.0,546,0.0,0.0
1757703600000,0.19993,0.20174,0.19882,0.20174,687803.0,572,0.0,0.0
1757707200000,0.20123,0.20253,0.1971,0.19869,886156.0,624,0.0,0.0
1757710800000,0.19905,0.20328,0.19578,0.20068,1809594.0,1102,0.0,0.0
1757714400000,0.20068,0.2037,0.19576,0.1958,1280918.0,508,0.0,0.0
1757718000000,0.19596,0.19636,0.18769,0.18903,2137242.0,1016,0.0,0.0
1757721600000,0.18907,0.19385,0.18903,0.19024,1567803.0,895,0.0,0.0
1757725200000,0.19025,0.19211,0.18966,0.19106,1255985.0,703,0.0,0.0
1757728800000,0.19105,0.19229,0.19031,0.19137,269800.0,224,0.0,0.0
1757732400000,0.19131,0.19333,0.19071,0.1923,377327.0,317,0.0,0.0
1757736000000,0.19228,0.19322,0.191,0.19101,163182.0,193,0.0,0.0
1757739600000,0.19101,0.19145,0.19015,0.19044,133959.0,179,0.0,0.0
1757743200000,0.19043,0.19129,0.18957,0.18957,55587.0,143,0.0,0.0
1757746800000,0.1896,0.1897,0.18636,0.18662,1576627.0,726,0.0,0.0
1757750400000,0.18692,0.18851,0.18662,0.18777,309470.0,416,0.0,0.0
1757754000000,0.18806,0.19261,0.18755,0.19213,844158.0,485,0.0,0.0
1757757600000,0.19253,0.19664,0.19211,0.19558,888677.0,388,0.0,0.0
1757761200000,0.19554,0.19682,0.19437,0.19595,502329.0,395,0.0,0.0
1757764800000,0.19593,0.19763,0.19488,0.19754,357494.0,248,0.0,0.0
1757768400000,0.19746,0.19829,0.18983,0.19494,2007486.0,521,0.0,0.0
1757772000000,0.19483,0.19507,0.19006,0.19379,1434833.0,525,0.0,0.0
1757775600000,0.19379,0.19392,0.19145,0.19197,332307.0,194,0.0,0.0
1757779200000,0.1919,0.19329,0.18847,0.18964,2163473.0,785,0.0,0.0
1757782800000,0.18964,0.19297,0.18794,0.19024,901201.0,395,0.0,0.0
1757786400000,0.19064,0.19196,0.18915,0.19178,61939.0,114,0.0,0.0
1757790000000,0.19155,0.1938,0.19056,0.19351,158630.0,151,0.0,0.0
1757793600000,0.19351,0.19408,0.19145,0.19191,416759.0,210,0.0,0.0
1757797200000,0.19191,0.19445,0.19181,0.19438,752807.0,395,0.0,0.0
1757800800000,0.19423,0.19512,0.19168,0.19246,811349.0,393,0.0,0.0
1757804400000,0.1925,0.19751,0.19248,0.19432,1723412.0,569,0.0,0.0
1757808000000,0.19438,0.19792,0.19436,0.19645,237932.0,134,0.0,0.0
1757811600000,0.19664,0.19674,0.19332,0.19344,308115.0,184,0.0,0.0
1757815200000,0.19335,0.19463,0.19144,0.19251,570765.0,214,0.0,0.0
1757818800000,0.19251,0.19251,0.19025,0.19036,126537.0,122,0.0,0.0
1757822400000,0.19062,0.19244,0.1884,0.1916,1016288.0,399,0.0,0.0
1757826000000,0.19144,0.19347,0.19128,0.19266,134696.0,92,0.0,0.0
1757829600000,0.19237,0.19361,0.19153,0.19342,59757.0,88,0.0,0.0
1757833200000,0.19315,0.19378,0.18976,0.19126,655756.0,297,0.0,0.0
1757836800000,0.19168,0.19222,0.19103,0.1921,328073.0,197,0.0,0.0
1757840400000,0.19222,0.19315,0.19115,0.19257,273348.0,175,0.0,0.0
1757844000000,0.19248,0.19344,0.18912,0.18938,857684.0,345,0.0,0.0
1757847600000,0.18939,0.19062,0.1884,0.18856,333362.0,126,0.0,0.0
1757851200000,0.18861,0.18981,0.18495,0.1858,1129055.0,345,0.0,0.0
1757854800000,0.18507,0.18657,0.18369,0.18643,407194.0,214,0.0,0.0
1757858400000,0.18618,0.18794,0.182,0.18266,1841834.0,1168,0.0,0.0
1757862000000,0.18265,0.18369,0.18175,0.18296,258694.0,184,0.0,0.0
1757865600000,0.18314,0.18861,0.1829,0.18827,559340.0,358,0.0,0.0
1757869200000,0.18782,0.18843,0.1866,0.18779,104093.0,118,0.0,0.0
1757872800000,0.18754,0.18852,0.18654,0.18681,184644.0,178,0.0,0.0
1757876400000,0.18681,0.18756,0.1858,0.1858,206114.0,151,0.0,0.0
1757880000000,0.18579,0.18649,0.1849,0.18542,200418.0,142,0.0,0.0
1757883600000,0.18561,0.18638,0.18526,0.18576,121500.0,120,0.0,0.0
1757887200000,0.18604,0.18638,0.18561,0.18612,41870.0,94,0.0,0.0
1757890800000,0.18601,0.18608,0.18162,0.18174,1131051.0,696,0.0,0.0
1757894400000,0.18166,0.1836,0.18098,0.18109,947014.0,772,0.0,0.0
1757898000000,0.18102,0.18248,0.17631,0.1823,2490899.0,1869,0.0,0.0
1757901600000,0.1823,0.1828,0.18098,0.18203,209591.0,243,0.0,0.0
1757905200000,0.18176,0.18352,0.18175,0.18271,284236.0,212,0.0,0.0
1757908800000,0.18271,0.18475,0.18255,0.18334,217036.0,242,0.0,0.0
1757912400000,0.1833,0.18374,0.1821,0.18246,392557.0,294,0.0,0.0
1757916000000,0.18255,0.18283,0.18127,0.18163,162585.0,156,0.0,0.0
1757919600000,0.18151,0.1863,0.18099,0.18299,1015860.0,423,0.0,0.0
1757923200000,0.18285,0.18411,0.17732,0.17812,813672.0,556,0.0,0.0
1757926800000,0.17743,0.18338,0.1774,0.18093,741787.0,553,0.0,0.0
1757930400000,0.18094,0.1838,0.17897,0.18095,1180181.0,659,0.0,0.0
1757934000000,0.18095,0.18151,0.17975,0.1809,102301.0,157,0.0,0.0
1757937600000,0.18085,0.18285,0.18084,0.18127,442892.0,353,0.0,0.0
1757941200000,0.18117,0.18196,0.17915,0.18003,304911.0,241,0.0,0.0
1757944800000,0.18011,0.18092,0.1783,0.17888,798861.0,445,0.0,0.0
1757948400000,0.17856,0.18242,0.17732,0.18242,1557778.0,1362,0.0,0.0
1757952000000,0.18242,0.18279,0.17773,0.1779,529478.0,244,0.0,0.0
1757955600000,0.17833,0.18167,0.17758,0.17898,1006467.0,573,0.0,0.0
1757959200000,0.17898,0.18102,0.17765,0.18046,118721.0,159,0.0,0.0
1757962800000,0.18041,0.18273,0.17951,0.18181,218467.0,154,0.0,0.0
1757966400000,0.18244,0.1833,0.18218,0.18264,87894.0,141,0.0,0.0
1757970000000,0.18251,0.18389,0.18215,0.18318,429052.0,256,0.0,0.0
1757973600000,0.18318,0.18389,0.18316,0.18368,170908.0,121,0.0,0.0
1757977200000,0.18389,0.18444,0.18351,0.18429,502677.0,218,0.0,0.0
1757980800000,0.1842,0.18433,0.17984,0.18291,927493.0,273,0.0,0.0
1757984400000,0.18115,0.18374,0.17985,0.18175,1380852.0,672,0.0,0.0
1757988000000,0.18201,0.18265,0.18143,0.18151,47447.0,109,0.0,0.0
1757991600000,0.18144,0.1821,0.18108,0.18116,84894.0,121,0.0,0.0
1757995200000,0.18141,0.18235,0.18082,0.1821,27791.0,89,0.0,0.0
1757998800000,0.18263,0.18537,0.18263,0.1843,423912.0,178,0.0,0.0
1758002400000,0.18472,0.18501,0.18238,0.18318,45987.0,78,0.0,0.0
1758006000000,0.18299,0.18315,0.18091,0.18172,774718.0,326,0.0,0.0
1758009600000,0.182,0.18287,0.18106,0.18128,432293.0,219,0.0,0.0
1758013200000,0.1813,0.18165,0.18044,0.18062,194022.0,212,0.0,0.0
1758016800000,0.18069,0.18101,0.17917,0.17917,189037.0,131,0.0,0.0
1758020400000,0.17919,0.17968,0.17783,0.17923,181983.0,155,0.0,0.0
1758024000000,0.17915,0.17928,0.17721,0.17777,75673.0,111,0.0,0.0
1758027600000,0.17772,0.18215,0.17729,0.1814,368196.0,225,0.0,0.0
1758031200000,0.18165,0.18214,0.17931,0.18198,350332.0,234,0.0,0.0
1758034800000,0.18172,0.18406,0.18107,0.18309,262873.0,186,0.0,0.0
1758038400000,0.18332,0.18404,0.17997,0.18156,538943.0,281,0.0,0.0
1758042000000,0.18176,0.18624,0.18165,0.18568,1017396.0,485,0.0,0.0
1758045600000,0.1858,0.18673,0.18412,0.18412,236603.0,221,0.0,0.0
1758049200000,0.18405,0.18439,0.18295,0.18359,151787.0,123,0.0,0.0
1758052800000,0.18361,0.18701,0.18333,0.18623,597228.0,359,0.0,0.0
1758056400000,0.187,0.19015,0.18596,0.18996,973281.0,454,0.0,0.0
1758060000000,0.19012,0.19108,0.18908,0.19011,359839.0,218,0.0,0.0
1758063600000,0.18993,0.19079,0.18933,0.1902,88870.0,105,0.0,0.0
1758067200000,0.19013,0.19013,0.18655,0.18695,804235.0,551,0.0,0.0
1758070800000,0.18687,0.18759,0.18597,0.18625,131993.0,80,0.0,0.0
1758074400000,0.18611,0.19333,0.18592,0.19291,1909785.0,863,0.0,0.0
1758078000000,0.19298,0.19546,0.19145,0.19332,858606.0,613,0.0,0.0
1758081600000,0.19338,0.19626,0.19192,0.19369,1077321.0,1278,0.0,0.0
1758085200000,0.19277,0.19393,0.19161,0.193,705165.0,918,0.0,0.0
1758088800000,0.19293,0.19822,0.19239,0.19809,947623.0,1139,0.0,0.0
1758092400000,0.19802,0.20094,0.19658,0.19839,1661984.0,1005,0.0,0.0
1758096000000,0.19861,0.20071,0.19341,0.1993,1639548.0,924,0.0,0.0
1758099600000,0.19875,0.19908,0.19367,0.19477,364851.0,614,0.0,0.0
1758103200000,0.19504,0.19566,0.19166,0.19283,555922.0,574,0.0,0.0
1758106800000,0.19281,0.19315,0.18957,0.19066,1733505.0,1294,0.0,0.0
1758110400000,0.19083,0.19121,0.18501,0.18994,2587023.0,1702,0.0,0.0
1758114000000,0.18922,0.19091,0.18828,0.19006,659053.0,801,0.0,0.0
1758117600000,0.19005,0.192,0.18688,0.18867,1008201.0,645,0.0,0.0
1758121200000,0.18867,0.18953,0.18682,0.18794,329228.0,437,0.0,0.0
1758124800000,0.18799,0.18919,0.1865,0.18881,861589.0,471,0.0,0.0
1758128400000,0.18871,0.19012,0.18629,0.18824,806398.0,782,0.0,0.0
1758132000000,0.18793,0.19102,0.18636,0.18725,724639.0,586,0.0,0.0
1758135600000,0.18734,0.19142,0.18734,0.19007,326531.0,397,0.0,0.0
1758139200000,0.19007,0.19387,0.19007,0.1922,462191.0,435,0.0,0.0
1758142800000,0.19224,0.19803,0.19097,0.19656,2029032.0,709,0.0,0.0
1758146400000,0.19656,0.19826,0.19613,0.19777,782752.0,595,0.0,0.0
1758150000000,0.19775,0.19861,0.19704,0.19766,553488.0,598,0.0,0.0
1758153600000,0.19791,0.20139,0.19791,0.20139,605801.0,741,0.0,0.0
1758157200000,0.20139,0.205,0.20009,0.20365,1041532.0,826,0.0,0.0
1758160800000,0.20401,0.20401,0.19963,0.20211,915925.0,938,0.0,0.0
1758164400000,0.20211,0.20391,0.20057,0.20113,467845.0,404,0.0,0.0
1758168000000,0.20115,0.20146,0.19803,0.19829,1810467.0,695,0.0,0.0
1758171600000,0.19828,0.19926,0.19485,0.1959,1433528.0,1254,0.0,0.0
1758175200000,0.19575,0.19741,0.19434,0.1949,712211.0,438,0.0,0.0
1758178800000,0.19492,0.19944,0.19492,0.19865,693723.0,429,0.0,0.0
1758182400000,0.19865,0.2001,0.1973,0.19984,446894.0,332,0.0,0.0
1758186000000,0.20001,0.20053,0.19847,0.19894,322639.0,479,0.0,0.0
1758189600000,0.19937,0.19937,0.19333,0.19481,747817.0,347,0.0,0.0
1758193200000,0.19467,0.197,0.19467,0.19593,385149.0,333,0.0,0.0
1758196800000,0.19593,0.19619,0.19469,0.19509,189952.0,177,0.0,0.0
1758200400000,0.1947,0.19658,0.19379,0.19489,306730.0,174,0.0,0.0
1758204000000,0.19559,0.19849,0.19465,0.19712,983780.0,607,0.0,0.0
1758207600000,0.19709,0.19721,0.19363,0.19412,678292.0,452,0.0,0.0
1758211200000,0.19407,0.19573,0.19319,0.19353,444539.0,311,0.0,0.0
1758214800000,0.19374,0.19664,0.19362,0.19615,304152.0,238,0.0,0.0
1758218400000,0.19614,0.20063,0.19468,0.19984,1279919.0,831,0.0,0.0
1758222000000,0.19989,0.19989,0.19682,0.19784,630729.0,455,0.0,0.0
1758225600000,0.19802,0.20015,0.19677,0.1972,652018.0,582,0.0,0.0
1758229200000,0.19718,0.19808,0.19601,0.19723,446136.0,357,0.0,0.0
1758232800000,0.19779,0.19819,0.19623,0.19792,46926.0,73,0.0,0.0
1758236400000,0.19729,0.20069,0.1959,0.20069,598972.0,345,0.0,0.0
1758240000000,0.20029,0.20255,0.19776,0.19833,916103.0,726,0.0,0.0
1758243600000,0.19809,0.19823,0.1962,0.19691,399597.0,676,0.0,0.0
1758247200000,0.19642,0.19731,0.19487,0.19606,703841.0,427,0.0,0.0
1758250800000,0.19606,0.19613,0.19453,0.19502,100958.0,154,0.0,0.0
1758254400000,0.19478,0.1954,0.19177,0.192,618023.0,373,0.0,0.0
1758258000000,0.19184,0.19209,0.18909,0.19085,500796.0,233,0.0,0.0
1758261600000,0.19142,0.1919,0.18776,0.1888,424731.0,277,0.0,0.0
1758265200000,0.18876,0.19053,0.18874,0.18988,688311.0,462,0.0,0.0
1758268800000,0.18972,0.19015,0.18678,0.1873,637781.0,244,0.0,0.0
1758272400000,0.18725,0.18804,0.18601,0.1864,496659.0,278,0.0,0.0
1758276000000,0.18682,0.18693,0.18371,0.18405,1598042.0,845,0.0,0.0
1758279600000,0.18392,0.18392,0.18125,0.18148,1593131.0,902,0.0,0.0
1758283200000,0.18156,0.1827,0.17909,0.1827,1522363.0,626,0.0,0.0
1758286800000,0.18271,0.18639,0.1823,0.18614,1309123.0,1092,0.0,0.0
1758290400000,0.18614,0.18636,0.18341,0.18341,616648.0,340,0.0,0.0
1758294000000,0.18333,0.18521,0.18102,0.18521,1026404.0,654,0.0,0.0
1758297600000,0.18466,0.18724,0.18435,0.18628,625888.0,503,0.0,0.0
1758301200000,0.18519,0.18678,0.1843,0.18602,1144051.0,623,0.0,0.0
1758304800000,0.18599,0.18666,0.18467,0.18632,382483.0,188,0.0,0.0
1758308400000,0.18629,0.18704,0.186,0.18619,203501.0,115,0.0,0.0
1758312000000,0.18646,0.18875,0.18623,0.18678,490965.0,350,0.0,0.0
1758315600000,0.18713,0.18838,0.18625,0.18719,310334.0,182,0.0,0.0
1758319200000,0.18713,0.1885,0.1859,0.1885,942205.0,540,0.0,0.0
1758322800000,0.18849,0.18851,0.18584,0.18758,1363569.0,991,0.0,0.0
1758326400000,0.18794,0.18836,0.18515,0.18563,452381.0,269,0.0,0.0
1758330000000,0.18561,0.18564,0.18439,0.18439,319160.0,241,0.0,0.0
1758333600000,0.18461,0.18636,0.18373,0.18623,269313.0,172,0.0,0.0
1758337200000,0.18584,0.18603,0.18466,0.18578,27280.0,134,0.0,0.0
1758340800000,0.1858,0.18672,0.1851,0.18656,295972.0,214,0.0,0.0
1758344400000,0.18663,0.1884,0.18631,0.1884,73255.0,135,0.0,0.0
1758348000000,0.18824,0.1884,0.18748,0.18768,45117.0,95,0.0,0.0
1758351600000,0.18774,0.18784,0.18663,0.18742,59004.0,101,0.0,0.0
1758355200000,0.18718,0.18825,0.18695,0.18736,86126.0,135,0.0,0.0
1758358800000,0.18702,0.18804,0.18583,0.18583,32466.0,88,0.0,0.0
1758362400000,0.18582,0.18606,0.1839,0.18414,145034.0,159,0.0,0.0
1758366000000,0.18431,0.1845,0.18332,0.18363,54037.0,142,0.0,0.0
1758369600000,0.18356,0.18384,0.1825,0.18271,160349.0,125,0.0,0.0
1758373200000,0.18265,0.18383,0.18252,0.18347,63998.0,139,0.0,0.0
1758376800000,0.18343,0.1846,0.18223,0.18428,585910.0,209,0.0,0.0
1758380400000,0.18426,0.18469,0.18396,0.18428,36070.0,99,0.0,0.0
1758384000000,0.18455,0.18594,0.18278,0.18561,26194.0,77,0.0,0.0
1758387600000,0.1858,0.1858,0.18127,0.18143,355781.0,161,0.0,0.0
1758391200000,0.18123,0.18127,0.17936,0.18072,829021.0,251,0.0,0.0
1758394800000,0.18044,0.18366,0.18044,0.18212,345069.0,298,0.0,0.0
1758398400000,0.18216,0.18447,0.18173,0.18422,112219.0,118,0.0,0.0
1758402000000,0.18419,0.18471,0.18267,0.18376,297917.0,839,0.0,0.0
1758405600000,0.1835,0.18405,0.18121,0.18213,118237.0,215,0.0,0.0
1758409200000,0.1824,0.18254,0.18093,0.1817,138777.0,117,0.0,0.0
1758412800000,0.18167,0.18204,0.17938,0.18117,277370.0,179,0.0,0.0
1758416400000,0.18114,0.18137,0.17994,0.18031,60967.0,255,0.0,0.0
1758420000000,0.18036,0.18149,0.17955,0.18081,311122.0,204,0.0,0.0
1758423600000,0.18081,0.18089,0.18048,0.18083,22067.0,95,0.0,0.0
1758427200000,0.18085,0.18208,0.17975,0.18197,424999.0,194,0.0,0.0
1758430800000,0.18175,0.18224,0.18158,0.18205,28010.0,95,0.0,0.0
1758434400000,0.18186,0.18345,0.18124,0.1822,548678.0,241,0.0,0.0
1758438000000,0.1822,0.1827,0.17988,0.17997,403325.0,148,0.0,0.0
1758441600000,0.18026,0.18111,0.17915,0.17927,165508.0,82,0.0,0.0
1758445200000,0.1793,0.17963,0.1785,0.1785,140749.0,103,0.0,0.0
1758448800000,0.1785,0.17876,0.17735,0.17735,250688.0,111,0.0,0.0
1758452400000,0.17762,0.17795,0.17541,0.17596,1601658.0,434,0.0,0.0
1758456000000,0.17636,0.17898,0.17568,0.17855,143804.0,98,0.0,0.0
1758459600000,0.17833,0.17862,0.17746,0.1776,97943.0,115,0.0,0.0
1758463200000,0.17799,0.17826,0.17627,0.17649,147848.0,121,0.0,0.0
1758466800000,0.17628,0.17703,0.17554,0.17584,69081.0,111,0.0,0.0
1758470400000,0.17584,0.177,0.1734,0.17348,323444.0,180,0.0,0.0
1758474000000,0.17349,0.17554,0.17243,0.17549,343548.0,157,0.0,0.0
1758477600000,0.17554,0.17957,0.17499,0.1785,408908.0,232,0.0,0.0
1758481200000,0.17831,0.17934,0.17754,0.17927,74372.0,97,0.0,0.0
1758484800000,0.17903,0.18044,0.17821,0.17955,88219.0,132,0.0,0.0
1758488400000,0.17957,0.1802,0.17887,0.17907,41171.0,140,0.0,0.0
1758492000000,0.17901,0.17911,0.17701,0.17903,170415.0,147,0.0,0.0
1758495600000,0.17901,0.17901,0.17563,0.17612,530087.0,234,0.0,0.0
1758499200000,0.17626,0.17836,0.17396,0.17533,578290.0,237,0.0,0.0
1758502800000,0.17516,0.17759,0.17375,0.17605,1469823.0,500,0.0,0.0
1758506400000,0.17605,0.1774,0.17384,0.17526,244459.0,226,0.0,0.0
1758510000000,0.17489,0.17566,0.17436,0.17553,63443.0,125,0.0,0.0
1758513600000,0.17553,0.17665,0.17525,0.17656,39942.0,115,0.0,0.0
1758517200000,0.17661,0.17727,0.17196,0.1724,275847.0,223,0.0,0.0
1758520800000,0.1724,0.1724,0.16683,0.17166,3449326.0,889,0.0,0.0
1758524400000,0.17126,0.17126,0.16683,0.16694,596607.0,235,0.0,0.0
1758528000000,0.16707,0.1679,0.16062,0.16106,3431125.0,998,0.0,0.0
1758531600000,0.16096,0.16168,0.15868,0.16061,1787854.0,842,0.0,0.0
1758535200000,0.16065,0.16272,0.1592,0.16263,363091.0,209,0.0,0.0
1758538800000,0.16224,0.16224,0.15879,0.15918,204143.0,157,0.0,0.0
1758542400000,0.15917,0.16008,0.15879,0.15985,167774.0,141,0.0,0.0
1758546000000,0.15993,0.16719,0.15993,0.16719,1411594.0,1349,0.0,0.0
1758549600000,0.16719,0.16812,0.16539,0.16546,642588.0,379,0.0,0.0
1758553200000,0.16558,0.16558,0.1606,0.16112,689316.0,490,0.0,0.0
1758556800000,0.16119,0.16207,0.1573,0.15784,980212.0,636,0.0,0.0
1758560400000,0.15803,0.16127,0.15724,0.15882,1671315.0,454,0.0,0.0
1758564000000,0.15853,0.16027,0.15838,0.15967,137344.0,139,0.0,0.0
1758567600000,0.15967,0.16075,0.15557,0.15584,1628862.0,424,0.0,0.0
1758571200000,0.15615,0.16029,0.15614,0.16005,571316.0,232,0.0,0.0
1758574800000,0.15993,0.19856,0.15974,0.19564,13056050.0,4856,0.0,0.0
1758578400000,0.19567,0.19983,0.18504,0.18631,9775817.0,3473,0.0,0.0
1758582000000,0.18593,0.18879,0.18227,0.18239,2170135.0,926,0.0,0.0
1758585600000,0.18218,0.1824,0.1744,0.17469,1654524.0,616,0.0,0.0
1758589200000,0.17487,0.17686,0.17411,0.17537,298637.0,270,0.0,0.0
1758592800000,0.17553,0.17731,0.17553,0.17573,540136.0,396,0.0,0.0
1758596400000,0.17568,0.17568,0.16719,0.17214,3039367.0,1280,0.0,0.0
1758600000000,0.17213,0.17606,0.17116,0.17548,1108600.0,887,0.0,0.0
1758603600000,0.17633,0.18265,0.17488,0.18227,939694.0,450,0.0,0.0
1758607200000,0.18227,0.18993,0.18209,0.18697,1194481.0,549,0.0,0.0
1758610800000,0.18628,0.18646,0.1843,0.18505,408071.0,236,0.0,0.0
1758614400000,0.18503,0.18791,0.18469,0.18752,603515.0,401,0.0,0.0
1758618000000,0.18753,0.18834,0.18503,0.18578,156824.0,137,0.0,0.0
1758621600000,0.18556,0.18594,0.17902,0.18072,1875373.0,559,0.0,0.0
1758625200000,0.18069,0.18069,0.17923,0.18008,49523.0,91,0.0,0.0
1758628800000,0.17986,0.18003,0.17763,0.17948,164267.0,137,0.0,0.0
1758632400000,0.17945,0.18103,0.17736,0.18044,102112.0,105,0.0,0.0
1758636000000,0.18025,0.18376,0.1785,0.1788,562414.0,229,0.0,0.0
1758639600000,0.1788,0.17925,0.17588,0.17617,163637.0,157,0.0,0.0
1758643200000,0.17606,0.179,0.17464,0.17818,364264.0,250,0.0,0.0
1758646800000,0.17802,0.17802,0.17316,0.17333,558210.0,412,0.0,0.0
1758650400000,0.17316,0.17347,0.16297,0.16315,2490349.0,807,0.0,0.0
1758654000000,0.1629,0.16689,0.16112,0.16112,1000884.0,434,0.0,0.0
1758657600000,0.1611,0.16396,0.16101,0.16367,471656.0,262,0.0,0.0
1758661200000,0.16373,0.1643,0.1624,0.1624,238308.0,133,0.0,0.0
1758664800000,0.1626,0.16406,0.16154,0.16269,430106.0,376,0.0,0.0
1758668400000,0.1624,0.16263,0.15673,0.15774,1482555.0,463,0.0,0.0
1758672000000,0.15743,0.1593,0.15673,0.15715,870317.0,499,0.0,0.0
1758675600000,0.15673,0.15871,0.15667,0.15741,551070.0,203,0.0,0.0
1758679200000,0.15734,0.15826,0.15571,0.15621,537901.0,268,0.0,0.0
1758682800000,0.15618,0.15643,0.15216,0.15239,1619627.0,432,0.0,0.0
1758686400000,0.15234,0.15668,0.1501,0.15499,1243645.0,654,0.0,0.0
1758690000000,0.15508,0.15618,0.15444,0.15558,363244.0,228,0.0,0.0
1758693600000,0.15541,0.15954,0.1554,0.15885,425533.0,237,0.0,0.0
1758697200000,0.15884,0.15886,0.15395,0.15533,849775.0,316,0.0,0.0
1758700800000,0.15534,0.15546,0.15131,0.15223,220467.0,126,0.0,0.0
1758704400000,0.15266,0.15686,0.15163,0.15682,723274.0,239,0.0,0.0
1758708000000,0.15715,0.15778,0.15524,0.1567,122844.0,112,0.0,0.0
1758711600000,0.15727,0.15907,0.15607,0.15882,574544.0,213,0.0,0.0
1758715200000,0.15881,0.164,0.15881,0.16094,573494.0,320,0.0,0.0
1758718800000,0.16097,0.16213,0.15905,0.15906,151285.0,153,0.0,0.0
1758722400000,0.15905,0.16511,0.15905,0.16346,248207.0,160,0.0,0.0
1758726000000,0.16351,0.16489,0.15964,0.16091,2112518.0,608,0.0,0.0
1758729600000,0.16086,0.16122,0.15911,0.1594,400823.0,317,0.0,0.0
1758733200000,0.15927,0.16076,0.15831,0.15903,580707.0,379,0.0,0.0
1758736800000,0.15903,0.15941,0.15716,0.15842,389738.0,311,0.0,0.0
1758740400000,0.15861,0.16034,0.15809,0.1602,207800.0,233,0.0,0.0
1758744000000,0.16015,0.16228,0.15957,0.16177,176016.0,274,0.0,0.0
1758747600000,0.16163,0.16219,0.15981,0.15981,339102.0,382,0.0,0.0
1758751200000,0.15983,0.16255,0.15954,0.1615,245948.0,222,0.0,0.0
1758754800000,0.16145,0.162,0.15898,0.15943,223420.0,204,0.0,0.0
1758758400000,0.15946,0.16094,0.15742,0.15846,482699.0,318,0.0,0.0
1758762000000,0.15852,0.15887,0.15724,0.15727,111358.0,193,0.0,0.0
1758765600000,0.15727,0.15777,0.15574,0.15602,190090.0,186,0.0,0.0
1758769200000,0.15599,0.15617,0.14675,0.1496,2582179.0,873,0.0,0.0
1758772800000,0.14977,0.15123,0.14641,0.14804,778172.0,380,0.0,0.0
1758776400000,0.14788,0.15045,0.14688,0.14916,481712.0,229,0.0,0.0
1758780000000,0.14922,0.14922,0.14578,0.14606,419401.0,237,0.0,0.0
1758783600000,0.14619,0.14809,0.14582,0.1462,198392.0,159,0.0,0.0
1758787200000,0.14619,0.14843,0.14596,0.14719,177237.0,127,0.0,0.0
1758790800000,0.14758,0.14855,0.14722,0.14751,660670.0,234,0.0,0.0
1758794400000,0.14743,0.14842,0.14499,0.14518,1297289.0,441,0.0,0.0
1758798000000,0.1454,0.14572,0.14331,0.14332,254640.0,212,0.0,0.0
1758801600000,0.14351,0.14434,0.14213,0.14303,834446.0,273,0.0,0.0
1758805200000,0.14308,0.14511,0.14062,0.14351,906232.0,298,0.0,0.0
1758808800000,0.14358,0.1453,0.14041,0.14066,789088.0,293,0.0,0.0
1758812400000,0.14058,0.141,0.1396,0.14086,525795.0,249,0.0,0.0
1758816000000,0.14077,0.14193,0.13734,0.13768,2112814.0,394,0.0,0.0
1758819600000,0.13768,0.13906,0.13444,0.13504,5909060.0,1150,0.0,0.0
1758823200000,0.13504,0.14092,0.13441,0.14065,2551453.0,714,0.0,0.0
1758826800000,0.14065,0.1445,0.13876,0.14365,2171388.0,943,0.0,0.0
1758830400000,0.14352,0.14449,0.14137,0.14328,1098611.0,503,0.0,0.0
1758834000000,0.14317,0.14729,0.14047,0.14248,828927.0,396,0.0,0.0
1758837600000,0.14249,0.14352,0.13734,0.13909,412364.0,290,0.0,0.0
1758841200000,0.13898,0.13971,0.134,0.13501,394154.0,286,0.0,0.0
1758844800000,0.13507,0.13847,0.13393,0.13836,803140.0,376,0.0,0.0
1758848400000,0.13847,0.13986,0.13799,0.13921,196172.0,163,0.0,0.0
1758852000000,0.13908,0.14132,0.13867,0.13912,227270.0,227,0.0,0.0
1758855600000,0.1391,0.14161,0.13869,0.14041,270156.0,233,0.0,0.0
1758859200000,0.14053,0.14122,0.13779,0.138,171676.0,194,0.0,0.0
1758862800000,0.13817,0.1392,0.13697,0.13713,161770.0,179,0.0,0.0
1758866400000,0.13751,0.13919,0.13629,0.13695,183048.0,168,0.0,0.0
1758870000000,0.13698,0.13922,0.13666,0.13845,277687.0,468,0.0,0.0
1758873600000,0.13832,0.13988,0.13832,0.13978,289796.0,185,0.0,0.0
1758877200000,0.1397,0.1406,0.13744,0.13827,179998.0,183,0.0,0.0
1758880800000,0.13834,0.13836,0.13289,0.13305,1439298.0,492,0.0,0.0
1758884400000,0.13308,0.13308,0.13177,0.13217,750985.0,388,0.0,0.0
1758888000000,0.13208,0.13529,0.13177,0.13484,1086741.0,436,0.0,0.0
1758891600000,0.13499,0.13711,0.13384,0.13664,404078.0,254,0.0,0.0
1758895200000,0.13676,0.14019,0.13541,0.13949,1142067.0,919,0.0,0.0
1758898800000,0.13944,0.14855,0.13931,0.14855,2358133.0,1555,0.0,0.0
1758902400000,0.14846,0.15168,0.14672,0.15032,1725048.0,1482,0.0,0.0
1758906000000,0.15031,0.15296,0.14724,0.1512,2819217.0,2175,0.0,0.0
1758909600000,0.1512,0.15431,0.1512,0.15341,822429.0,503,0.0,0.0
1758913200000,0.1534,0.1541,0.14976,0.15062,1573223.0,532,0.0,0.0
1758916800000,0.15058,0.15229,0.14564,0.1458,1565337.0,662,0.0,0.0
1758920400000,0.14564,0.14709,0.14464,0.14691,851291.0,1109,0.0,0.0
1758924000000,0.14691,0.14885,0.146,0.14805,1236357.0,1232,0.0,0.0
1758927600000,0.14806,0.14999,0.14726,0.14891,444428.0,713,0.0,0.0
1758931200000,0.14895,0.14988,0.14792,0.14956,324254.0,415,0.0,0.0
1758934800000,0.14973,0.14973,0.14545,0.14851,1481564.0,564,0.0,0.0
1758938400000,0.14845,0.14905,0.14721,0.14781,274970.0,190,0.0,0.0
1758942000000,0.14759,0.15,0.14667,0.14856,639433.0,621,0.0,0.0
1758945600000,0.14788,0.15121,0.14759,0.15098,674753.0,431,0.0,0.0
1758949200000,0.15086,0.15303,0.15042,0.15208,840218.0,565,0.0,0.0
1758952800000,0.15202,0.15403,0.1516,0.15359,355690.0,228,0.0,0.0
1758956400000,0.15347,0.15386,0.15141,0.15199,219591.0,168,0.0,0.0
1758960000000,0.15201,0.15206,0.14759,0.14759,592204.0,314,0.0,0.0
1758963600000,0.14753,0.14823,0.14163,0.14233,3509464.0,663,0.0,0.0
1758967200000,0.14222,0.14375,0.14222,0.14364,262530.0,148,0.0,0.0
1758970800000,0.14364,0.14401,0.14364,0.14395,75680.0,99,0.0,0.0
1758974400000,0.14364,0.14513,0.14297,0.14491,141431.0,187,0.0,0.0
1758978000000,0.14475,0.15497,0.14475,0.15278,620048.0,434,0.0,0.0
1758981600000,0.15273,0.15398,0.15188,0.15254,297248.0,211,0.0,0.0
1758985200000,0.15248,0.15503,0.15166,0.15482,58439.0,104,0.0,0.0
1758988800000,0.155,0.15597,0.15154,0.15506,851085.0,472,0.0,0.0
1758992400000,0.15475,0.15656,0.15352,0.15656,154210.0,170,0.0,0.0
1758996000000,0.15627,0.15724,0.15459,0.15689,995277.0,654,0.0,0.0
1758999600000,0.15701,0.15701,0.15469,0.15645,181979.0,199,0.0,0.0
1759003200000,0.15651,0.15975,0.15647,0.15808,388002.0,228,0.0,0.0
1759006800000,0.15798,0.15964,0.15752,0.15942,388568.0,196,0.0,0.0
1759010400000,0.15908,0.16134,0.15889,0.1593,212412.0,158,0.0,0.0
1759014000000,0.15946,0.1597,0.15619,0.15772,621622.0,272,0.0,0.0
1759017600000,0.15783,0.16009,0.15721,0.15721,727241.0,297,0.0,0.0
1759021200000,0.15747,0.15967,0.15375,0.15664,1580184.0,531,0.0,0.0
1759024800000,0.15681,0.15746,0.15565,0.15717,226298.0,153,0.0,0.0
1759028400000,0.1574,0.15756,0.15135,0.15544,1323115.0,416,0.0,0.0
1759032000000,0.15496,0.15614,0.15071,0.15274,1310308.0,428,0.0,0.0
1759035600000,0.15274,0.1537,0.15161,0.15217,414028.0,207,0.0,0.0
1759039200000,0.15237,0.1525,0.15005,0.15074,677624.0,254,0.0,0.0
1759042800000,0.15082,0.15209,0.15033,0.15209,240082.0,140,0.0,0.0
1759046400000,0.15188,0.15334,0.15043,0.15072,452113.0,194,0.0,0.0
1759050000000,0.15076,0.15082,0.14888,0.15022,377724.0,144,0.0,0.0
1759053600000,0.15019,0.15019,0.14916,0.14983,240213.0,121,0.0,0.0
1759057200000,0.14983,0.14983,0.1484,0.14862,76312.0,78,0.0,0.0
1759060800000,0.14856,0.14876,0.14719,0.1478,232036.0,180,0.0,0.0
1759064400000,0.14783,0.15089,0.14734,0.1505,274647.0,273,0.0,0.0
1759068000000,0.1505,0.15366,0.15011,0.15342,241753.0,236,0.0,0.0
1759071600000,0.15322,0.16286,0.15238,0.16139,2824963.0,880,0.0,0.0
1759075200000,0.1614,0.21196,0.1614,0.1648,28852301.0,8403,0.0,0.0
1759078800000,0.16477,0.19289,0.16459,0.18658,9225671.0,4131,0.0,0.0
1759082400000,0.18658,0.1922,0.17844,0.1855,5755752.0,3479,0.0,0.0
1759086000000,0.1847,0.1855,0.16911,0.17402,5470606.0,1698,0.0,0.0
1759089600000,0.17381,0.17957,0.1732,0.17908,1279100.0,806,0.0,0.0
1759093200000,0.17929,0.18189,0.17591,0.17755,1323173.0,676,0.0,0.0
1759096800000,0.17717,0.1831,0.17717,0.18196,2096365.0,1104,0.0,0.0
1759100400000,0.18185,0.18635,0.18115,0.18267,2217692.0,1291,0.0,0.0
1759104000000,0.18282,0.19138,0.18199,0.19084,3530734.0,1498,0.0,0.0
1759107600000,0.19042,0.24438,0.19042,0.2243,22139448.0,6997,0.0,0.0
1759111200000,0.22397,0.22443,0.207,0.20995,8287087.0,4601,0.0,0.0
1759114800000,0.20988,0.21037,0.19272,0.20224,5630581.0,3177,0.0,0.0
1759118400000,0.2024,0.21991,0.20011,0.2107,3240383.0,2003,0.0,0.0
1759122000000,0.2104,0.23383,0.20684,0.22096,3372111.0,2352,0.0,0.0
1759125600000,0.22109,0.24,0.21892,0.23081,3294357.0,3389,0.0,0.0
1759129200000,0.23081,0.24929,0.22731,0.2475,5226213.0,3288,0.0,0.0
1759132800000,0.24751,0.26242,0.23961,0.24265,8609079.0,5335,0.0,0.0
1759136400000,0.24338,0.25248,0.224,0.2408,8589351.0,4220,0.0,0.0
1759140000000,0.2408,0.25888,0.2335,0.24122,7370390.0,3637,0.0,0.0
1759143600000,0.24121,0.24179,0.22866,0.23462,2954282.0,1714,0.0,0.0
1759147200000,0.23462,0.23837,0.21688,0.22862,5832608.0,2421,0.0,0.0
1759150800000,0.22862,0.22905,0.21015,0.22247,6993939.0,3262,0.0,0.0
1759154400000,0.22247,0.23245,0.22099,0.22658,3791853.0,2139,0.0,0.0
1759158000000,0.22641,0.24723,0.2195,0.23664,4994026.0,2447,0.0,0.0
1759161600000,0.23717,0.24061,0.22596,0.22692,2535636.0,1634,0.0,0.0
1759165200000,0.2269,0.2278,0.21344,0.21377,3707215.0,2477,0.0,0.0
1759168800000,0.21376,0.21424,0.19781,0.20898,7023706.0,2876,0.0,0.0
1759172400000,0.20855,0.21531,0.207,0.21253,2533384.0,1116,0.0,0.0
1759176000000,0.21279,0.21882,0.21235,0.21365,1511920.0,760,0.0,0.0
1759179600000,0.21257,0.21379,0.20188,0.20409,3226023.0,1360,0.0,0.0
1759183200000,0.2041,0.21259,0.2026,0.21231,1695590.0,1054,0.0,0.0
1759186800000,0.21209,0.21226,0.2019,0.20535,1239237.0,613,0.0,0.0
1759190400000,0.205,0.22251,0.2047,0.21935,1297998.0,639,0.0,0.0
1759194000000,0.21956,0.22286,0.21001,0.21909,4577878.0,1485,0.0,0.0
1759197600000,0.21909,0.22176,0.21593,0.21651,714046.0,485,0.0,0.0
1759201200000,0.21658,0.21719,0.20666,0.20787,545370.0,319,0.0,0.0
1759204800000,0.20792,0.20849,0.20441,0.20673,522985.0,306,0.0,0.0
1759208400000,0.20753,0.21619,0.20727,0.20905,3175058.0,1857,0.0,0.0
1759212000000,0.20903,0.21141,0.20774,0.21043,504254.0,365,0.0,0.0
1759215600000,0.2094,0.21018,0.196,0.196,3299764.0,1801,0.0,0.0
1759219200000,0.19645,0.20134,0.19505,0.19769,1911090.0,1182,0.0,0.0
1759222800000,0.19789,0.1984,0.195,0.19763,1884939.0,768,0.0,0.0
1759226400000,0.19764,0.20174,0.195,0.20012,1698697.0,556,0.0,0.0
1759230000000,0.20013,0.20372,0.19718,0.19751,478467.0,324,0.0,0.0
1759233600000,0.19771,0.19776,0.19518,0.19537,523181.0,276,0.0,0.0
1759237200000,0.19539,0.198,0.195,0.19663,874382.0,465,0.0,0.0
1759240800000,0.19708,0.1981,0.19,0.19402,2320863.0,1307,0.0,0.0
1759244400000,0.19378,0.19395,0.185,0.18533,2972648.0,1270,0.0,0.0
1759248000000,0.18589,0.1863,0.181,0.18101,1216601.0,502,0.0,0.0
1759251600000,0.18115,0.1928,0.18044,0.19245,2731501.0,1602,0.0,0.0
1759255200000,0.19238,0.19726,0.19103,0.19506,1077579.0,555,0.0,0.0
1759258800000,0.19567,0.202,0.19509,0.20055,645149.0,274,0.0,0.0
1759262400000,0.20033,0.20822,0.19983,0.20706,1867286.0,727,0.0,0.0
1759266000000,0.20672,0.20802,0.20405,0.20406,781969.0,412,0.0,0.0
1759269600000,0.20407,0.20437,0.19024,0.19029,3276702.0,844,0.0,0.0
1759273200000,0.19054,0.19224,0.18938,0.19085,614892.0,409,0.0,0.0
1759276800000,0.19123,0.19226,0.18387,0.184,2330762.0,595,0.0,0.0
1759280400000,0.184,0.184,0.18163,0.184,785398.0,340,0.0,0.0
1759284000000,0.184,0.184,0.18241,0.1832,676399.0,332,0.0,0.0
1759287600000,0.18317,0.18345,0.17646,0.17707,2166426.0,1062,0.0,0.0
1759291200000,0.17723,0.18594,0.17528,0.18542,2850418.0,947,0.0,0.0
1759294800000,0.1855,0.19417,0.18484,0.18925,2587448.0,926,0.0,0.0
1759298400000,0.18924,0.18942,0.18658,0.18788,254500.0,170,0.0,0.0
1759302000000,0.18795,0.193,0.18791,0.19233,611354.0,370,0.0,0.0
1759305600000,0.19215,0.19999,0.19215,0.19883,1171200.0,443,0.0,0.0
1759309200000,0.19873,0.20014,0.19309,0.19388,1547771.0,683,0.0,0.0
1759312800000,0.19394,0.19746,0.19049,0.192,1526200.0,591,0.0,0.0
1759316400000,0.19259,0.19586,0.19151,0.19586,470392.0,286,0.0,0.0
1759320000000,0.19592,0.19618,0.19297,0.19403,443227.0,349,0.0,0.0
1759323600000,0.1944,0.19766,0.1944,0.19674,240458.0,207,0.0,0.0
1759327200000,0.19722,0.20317,0.19695,0.20116,1003115.0,511,0.0,0.0
1759330800000,0.20125,0.205,0.20045,0.20434,735021.0,503,0.0,0.0
1759334400000,0.20454,0.20808,0.19979,0.20547,3231716.0,1213,0.0,0.0
1759338000000,0.20525,0.20598,0.20089,0.20116,361957.0,229,0.0,0.0
1759341600000,0.20133,0.20313,0.19985,0.20228,397662.0,389,0.0,0.0
1759345200000,0.20224,0.20363,0.20142,0.20175,314828.0,262,0.0,0.0
1759348800000,0.2017,0.20206,0.19587,0.19744,439450.0,457,0.0,0.0
1759352400000,0.19742,0.19759,0.19013,0.19617,1282936.0,496,0.0,0.0
1759356000000,0.19593,0.19896,0.19575,0.19789,446848.0,368,0.0,0.0
1759359600000,0.19782,0.19952,0.19634,0.19905,183388.0,212,0.0,0.0
1759363200000,0.19892,0.20307,0.19793,0.19817,696447.0,484,0.0,0.0
1759366800000,0.19817,0.20867,0.19802,0.20685,1323981.0,737,0.0,0.0
1759370400000,0.20658,0.2102,0.20503,0.20716,1149298.0,699,0.0,0.0
1759374000000,0.20717,0.22013,0.20619,0.21884,2162273.0,1055,0.0,0.0
1759377600000,0.21802,0.22409,0.21175,0.21805,4097063.0,1782,0.0,0.0
1759381200000,0.21791,0.22052,0.21476,0.21485,625979.0,503,0.0,0.0
1759384800000,0.21545,0.21573,0.21062,0.21545,1181797.0,702,0.0,0.0
1759388400000,0.21516,0.21565,0.21121,0.21406,612545.0,452,0.0,0.0
1759392000000,0.21395,0.2187,0.21183,0.21856,435355.0,343,0.0,0.0
1759395600000,0.21854,0.22056,0.2155,0.2197,343320.0,335,0.0,0.0
1759399200000,0.22053,0.22211,0.21835,0.21987,454539.0,441,0.0,0.0
1759402800000,0.21998,0.22851,0.21933,0.22776,1560845.0,1023,0.0,0.0
1759406400000,0.22804,0.22998,0.22319,0.22408,733966.0,701,0.0,0.0
1759410000000,0.22482,0.22802,0.22038,0.22384,3000906.0,1740,0.0,0.0
1759413600000,0.22318,0.22382,0.21333,0.2147,1778545.0,1088,0.0,0.0
1759417200000,0.21483,0.21838,0.21292,0.21612,517626.0,379,0.0,0.0
1759420800000,0.21585,0.22015,0.20912,0.21135,1497482.0,854,0.0,0.0
1759424400000,0.21122,0.21541,0.20991,0.2148,454283.0,349,0.0,0.0
1759428000000,0.21456,0.21565,0.21221,0.21375,464851.0,402,0.0,0.0
1759431600000,0.21394,0.22385,0.2137,0.21917,1388717.0,757,0.0,0.0
1759435200000,0.21845,0.21918,0.21136,0.21587,1420124.0,698,0.0,0.0
1759438800000,0.21557,0.21656,0.2125,0.21595,419603.0,277,0.0,0.0
1759442400000,0.21566,0.2164,0.21254,0.21336,476388.0,280,0.0,0.0
1759446000000,0.21327,0.21619,0.21275,0.21575,487147.0,246,0.0,0.0
1759449600000,0.21554,0.21599,0.21398,0.21486,265857.0,216,0.0,0.0
1759453200000,0.21533,0.21654,0.21021,0.2108,940312.0,540,0.0,0.0
1759456800000,0.21066,0.21416,0.21066,0.21379,178789.0,139,0.0,0.0
1759460400000,0.21415,0.21663,0.21191,0.21191,912956.0,509,0.0,0.0
1759464000000,0.21208,0.21232,0.20879,0.212,437674.0,281,0.0,0.0
1759467600000,0.212,0.21313,0.21086,0.2116,229578.0,200,0.0,0.0
1759471200000,0.21179,0.21338,0.20989,0.21016,590655.0,481,0.0,0.0
1759474800000,0.21016,0.21017,0.20737,0.20874,354285.0,251,0.0,0.0
1759478400000,0.20863,0.20922,0.1999,0.2065,808155.0,388,0.0,0.0
1759482000000,0.20648,0.20735,0.20376,0.20699,333358.0,268,0.0,0.0
1759485600000,0.20701,0.2121,0.20631,0.21172,644492.0,341,0.0,0.0
1759489200000,0.2121,0.2121,0.20847,0.20917,102582.0,125,0.0,0.0
1759492800000,0.20962,0.21007,0.20466,0.207,406554.0,279,0.0,0.0
1759496400000,0.20687,0.20812,0.20599,0.20705,317942.0,184,0.0,0.0
1759500000000,0.20676,0.20795,0.20506,0.2074,278707.0,192,0.0,0.0
1759503600000,0.20762,0.21419,0.20646,0.21419,477753.0,322,0.0,0.0
1759507200000,0.21373,0.21819,0.21172,0.21375,1114432.0,450,0.0,0.0
1759510800000,0.21355,0.21693,0.21198,0.21265,318534.0,225,0.0,0.0
1759514400000,0.21295,0.21522,0.20954,0.21421,523590.0,308,0.0,0.0
1759518000000,0.21422,0.21868,0.21113,0.21573,981465.0,510,0.0,0.0
1759521600000,0.21573,0.21573,0.21238,0.21375,293071.0,236,0.0,0.0
1759525200000,0.21398,0.21456,0.21217,0.21222,409177.0,371,0.0,0.0
1759528800000,0.21224,0.21479,0.21217,0.21402,323536.0,216,0.0,0.0
1759532400000,0.21404,0.21451,0.21008,0.21032,158248.0,176,0.0,0.0
1759536000000,0.21032,0.21061,0.20404,0.20531,777927.0,333,0.0,0.0
1759539600000,0.20518,0.20524,0.2,0.20026,886406.0,406,0.0,0.0
1759543200000,0.2003,0.20279,0.1988,0.20022,276840.0,317,0.0,0.0
1759546800000,0.19999,0.20239,0.19975,0.20057,467436.0,276,0.0,0.0
1759550400000,0.20069,0.20141,0.19988,0.20054,42092.0,117,0.0,0.0
1759554000000,0.20069,0.20292,0.1992,0.19934,107978.0,218,0.0,0.0
1759557600000,0.19928,0.20422,0.198,0.20324,459496.0,513,0.0,0.0
1759561200000,0.20371,0.20425,0.20006,0.20006,150832.0,308,0.0,0.0
1759564800000,0.2003,0.21303,0.20015,0.20364,1349121.0,550,0.0,0.0
1759568400000,0.20428,0.2066,0.20368,0.20515,199774.0,289,0.0,0.0
1759572000000,0.20486,0.20642,0.20339,0.20339,148051.0,287,0.0,0.0
1759575600000,0.20305,0.20703,0.20145,0.20561,351455.0,251,0.0,0.0
1759579200000,0.20562,0.20619,0.20544,0.20553,331006.0,316,0.0,0.0
1759582800000,0.20556,0.20874,0.20547,0.20833,321874.0,267,0.0,0.0
1759586400000,0.20769,0.20883,0.2019,0.20228,910979.0,590,0.0,0.0
1759590000000,0.20231,0.2039,0.20151,0.20151,151271.0,219,0.0,0.0
1759593600000,0.20151,0.2029,0.20151,0.2019,148751.0,140,0.0,0.0
1759597200000,0.20214,0.20376,0.20193,0.20285,43948.0,143,0.0,0.0
1759600800000,0.20282,0.20392,0.20279,0.2031,67121.0,122,0.0,0.0
1759604400000,0.20292,0.20495,0.20289,0.2041,188360.0,247,0.0,0.0
1759608000000,0.20417,0.20552,0.20394,0.2052,197532.0,174,0.0,0.0
1759611600000,0.20498,0.20588,0.20495,0.20495,364328.0,239,0.0,0.0
1759615200000,0.20495,0.20647,0.20495,0.20603,182826.0,150,0.0,0.0
1759618800000,0.20603,0.20652,0.2054,0.20599,73063.0,118,0.0,0.0
1759622400000,0.20599,0.20842,0.20495,0.20556,115925.0,147,0.0,0.0
1759626000000,0.20565,0.20798,0.20495,0.20686,44449.0,122,0.0,0.0
1759629600000,0.20687,0.2102,0.20495,0.20794,911349.0,358,0.0,0.0
1759633200000,0.20772,0.20971,0.20495,0.20773,418972.0,272,0.0,0.0
1759636800000,0.20774,0.21292,0.20697,0.21261,854154.0,409,0.0,0.0
1759640400000,0.21258,0.21725,0.21138,0.21634,440092.0,282,0.0,0.0
1759644000000,0.21624,0.21641,0.21067,0.21247,398784.0,325,0.0,0.0
1759647600000,0.21246,0.21682,0.21233,0.21568,163989.0,231,0.0,0.0
1759651200000,0.21564,0.21592,0.21182,0.21227,146909.0,197,0.0,0.0
1759654800000,0.21231,0.21231,0.20912,0.20947,153496.0,100,0.0,0.0
1759658400000,0.20958,0.20958,0.20661,0.20747,122411.0,125,0.0,0.0
1759662000000,0.20775,0.20927,0.20627,0.20835,169237.0,115,0.0,0.0
1759665600000,0.20797,0.20863,0.20412,0.20412,492722.0,309,0.0,0.0
1759669200000,0.20402,0.20994,0.20282,0.20784,717739.0,278,0.0,0.0
1759672800000,0.20753,0.20878,0.20457,0.20598,192465.0,186,0.0,0.0
1759676400000,0.20578,0.20698,0.20468,0.20673,278584.0,204,0.0,0.0
1759680000000,0.20678,0.20905,0.20535,0.20905,195598.0,203,0.0,0.0
1759683600000,0.20922,0.20922,0.20509,0.20509,57807.0,109,0.0,0.0
1759687200000,0.20531,0.20587,0.19828,0.19898,1285253.0,409,0.0,0.0
1759690800000,0.19905,0.19945,0.19501,0.19579,788810.0,360,0.0,0.0
1759694400000,0.19592,0.19881,0.19573,0.19815,240809.0,157,0.0,0.0
1759698000000,0.19754,0.19846,0.19731,0.19816,87091.0,143,0.0,0.0
1759701600000,0.19897,0.1998,0.19756,0.1992,113460.0,126,0.0,0.0
1759705200000,0.19916,0.1999,0.1989,0.1992,34796.0,92,0.0,0.0
1759708800000,0.19903,0.2012,0.19795,0.19923,116609.0,116,0.0,0.0
1759712400000,0.19916,0.20208,0.19857,0.20107,106108.0,140,0.0,0.0
1759716000000,0.20095,0.20136,0.19527,0.19923,640810.0,299,0.0,0.0
1759719600000,0.19962,0.20056,0.1984,0.20023,75587.0,125,0.0,0.0
1759723200000,0.20035,0.20203,0.19915,0.19934,93639.0,122,0.0,0.0
1759726800000,0.19934,0.20262,0.19915,0.20198,273609.0,209,0.0,0.0
1759730400000,0.20181,0.20208,0.20114,0.2013,87773.0,115,0.0,0.0
1759734000000,0.20146,0.20146,0.19774,0.19782,278823.0,208,0.0,0.0
1759737600000,0.19798,0.1982,0.19554,0.19676,667269.0,498,0.0,0.0
1759741200000,0.19669,0.19871,0.1963,0.19846,137387.0,146,0.0,0.0
1759744800000,0.19829,0.19874,0.19558,0.19558,80801.0,113,0.0,0.0
1759748400000,0.19551,0.19679,0.19213,0.19252,324381.0,233,0.0,0.0
1759752000000,0.19251,0.19412,0.19119,0.19285,326117.0,224,0.0,0.0
1759755600000,0.19267,0.19362,0.18863,0.19192,668221.0,237,0.0,0.0
1759759200000,0.1919,0.1993,0.19178,0.19186,1517260.0,592,0.0,0.0
1759762800000,0.19192,0.19394,0.19081,0.19289,279067.0,202,0.0,0.0
1759766400000,0.19305,0.19414,0.1921,0.19298,526835.0,283,0.0,0.0
1759770000000,0.19218,0.19398,0.19057,0.1909,875056.0,435,0.0,0.0
1759773600000,0.19057,0.19563,0.19041,0.1956,417418.0,253,0.0,0.0
1759777200000,0.19562,0.19727,0.18782,0.1919,1585432.0,416,0.0,0.0
1759780800000,0.19139,0.19387,0.18932,0.1901,400171.0,263,0.0,0.0
1759784400000,0.19008,0.19179,0.18994,0.19105,223992.0,175,0.0,0.0
1759788000000,0.19125,0.19134,0.1882,0.19082,450006.0,224,0.0,0.0
1759791600000,0.1907,0.19117,0.1858,0.18644,2019113.0,693,0.0,0.0
1759795200000,0.18614,0.1892,0.18583,0.18722,400844.0,310,0.0,0.0
1759798800000,0.18735,0.1876,0.18527,0.18615,290019.0,232,0.0,0.0
1759802400000,0.18612,0.18639,0.18491,0.18579,223077.0,128,0.0,0.0
1759806000000,0.18559,0.18588,0.18008,0.18271,1422405.0,531,0.0,0.0
1759809600000,0.18245,0.183,0.17932,0.18028,586427.0,376,0.0,0.0
1759813200000,0.18031,0.18101,0.17931,0.18086,212103.0,192,0.0,0.0
1759816800000,0.18083,0.18223,0.17721,0.17844,737612.0,400,0.0,0.0
1759820400000,0.17854,0.17942,0.17393,0.1773,1452388.0,625,0.0,0.0
1759824000000,0.17712,0.17864,0.17568,0.17816,384676.0,220,0.0,0.0
1759827600000,0.17808,0.17954,0.17747,0.17814,414000.0,226,0.0,0.0
1759831200000,0.17797,0.18202,0.17654,0.17978,485037.0,281,0.0,0.0
1759834800000,0.17996,0.18003,0.17782,0.17859,220705.0,162,0.0,0.0
1759838400000,0.17882,0.18115,0.17838,0.18094,243135.0,202,0.0,0.0
1759842000000,0.18096,0.18115,0.1766,0.17811,344963.0,210,0.0,0.0
1759845600000,0.17792,0.17792,0.17241,0.17397,1399968.0,581,0.0,0.0
1759849200000,0.17398,0.1756,0.17,0.17318,1957051.0,639,0.0,0.0
1759852800000,0.17331,0.17348,0.17094,0.17197,678910.0,473,0.0,0.0
1759856400000,0.17193,0.17353,0.17111,0.17111,507759.0,273,0.0,0.0
1759860000000,0.17184,0.17299,0.17005,0.17112,427483.0,260,0.0,0.0
1759863600000,0.17153,0.17222,0.17059,0.17147,164138.0,163,0.0,0.0
1759867200000,0.17199,0.17463,0.1717,0.17309,445407.0,352,0.0,0.0
1759870800000,0.17337,0.17425,0.17078,0.17137,215345.0,194,0.0,0.0
1759874400000,0.1712,0.17526,0.17103,0.17229,1090438.0,629,0.0,0.0
1759878000000,0.1723,0.17298,0.17054,0.17086,343801.0,321,0.0,0.0
1759881600000,0.17044,0.17244,0.17,0.17181,120289.0,198,0.0,0.0
1759885200000,0.17189,0.17443,0.17072,0.17424,303633.0,305,0.0,0.0
1759888800000,0.17421,0.17597,0.1732,0.17516,187911.0,251,0.0,0.0
1759892400000,0.17486,0.18365,0.17298,0.18148,863175.0,735,0.0,0.0
1759896000000,0.1815,0.18529,0.18123,0.18481,298088.0,367,0.0,0.0
1759899600000,0.1845,0.18456,0.18213,0.18276,531352.0,502,0.0,0.0
1759903200000,0.18291,0.18472,0.18224,0.18472,349526.0,622,0.0,0.0
1759906800000,0.18444,0.18522,0.18016,0.18355,997469.0,423,0.0,0.0
1759910400000,0.18361,0.18455,0.18204,0.18342,645650.0,517,0.0,0.0
1759914000000,0.18344,0.18539,0.18237,0.18512,120602.0,191,0.0,0.0
1759917600000,0.18505,0.18642,0.18363,0.18626,182673.0,294,0.0,0.0
1759921200000,0.18609,0.18648,0.18197,0.18257,444372.0,369,0.0,0.0
1759924800000,0.1826,0.18508,0.18179,0.18272,899190.0,517,0.0,0.0
1759928400000,0.18276,0.18381,0.1818,0.18352,184362.0,221,0.0,0.0
1759932000000,0.18396,0.18535,0.18171,0.18227,240927.0,241,0.0,0.0
1759935600000,0.18225,0.18402,0.18154,0.18186,823607.0,640,0.0,0.0
1759939200000,0.18177,0.18496,0.18174,0.1846,329081.0,279,0.0,0.0
1759942800000,0.18463,0.18676,0.18285,0.18372,520936.0,543,0.0,0.0
1759946400000,0.18344,0.18483,0.18201,0.18399,280026.0,316,0.0,0.0
1759950000000,0.18374,0.18459,0.18082,0.18455,449412.0,448,0.0,0.0
1759953600000,0.18444,0.18493,0.18246,0.18281,507770.0,429,0.0,0.0
1759957200000,0.18277,0.1836,0.18174,0.18207,274647.0,232,0.0,0.0
1759960800000,0.18204,0.18285,0.18181,0.18253,297343.0,215,0.0,0.0
